acq_date,latitude,longitude,confidence,district,elevation
2018-02-02,28.0728,84.2209,63,Tanahu,667
2018-02-03,27.9787,84.8843,66,Gorkha,660
2018-02-03,27.9865,83.9781,90,Syangja,1413
2018-02-10,28.4111,81.2655,92,Bardiya,167
2018-02-12,27.4504,84.833,63,Parsa,137
2018-02-12,27.8009,84.7328,89,Dhading,525
2018-02-12,28.4614,81.4585,83,Bardiya,167
2018-02-13,27.5168,84.3714,66,Chitwan,366
2018-02-16,27.3018,85.9123,56,Sindhuli,638
2018-02-21,27.2131,85.0389,78,Bara,152
2018-03-01,27.3794,84.9406,90,Makwanpur,587
2018-03-02,28.9309,80.3937,91,Kanchanpur,161
2018-03-03,27.1192,85.8105,92,Sindhuli,1064
2018-03-03,28.0321,83.6737,85,Syangja,651
2018-03-03,27.6239,84.5773,94,Chitwan,232
2018-03-05,28.2521,84.0668,99,Kaski,1256
2018-03-06,28.8038,80.5636,62,Kailali,164
2018-03-07,27.8037,82.5727,61,Dang,768
2018-03-07,27.0673,85.6009,75,Sarlahi,139
2018-03-08,28.9466,80.0447,74,Kanchanpur,186
2018-03-08,26.9784,85.2477,83,Rautahat,183
2018-03-08,28.1703,83.9343,60,Kaski,2050
2018-03-08,27.3072,86.123,56,Sindhuli,988
2018-03-09,27.7039,83.5531,56,Rupandehi,149
2018-03-09,28.0987,84.9202,84,Dhading,957
2018-03-10,28.0857,85.0716,99,Dhading,1481
2018-03-10,27.8802,84.9375,69,Dhading,878
2018-03-12,26.9463,85.4372,89,Rautahat,81
2018-03-13,28.0592,84.1217,96,Tanahu,888
2018-03-13,27.6366,83.3965,99,Rupandehi,128
2018-03-14,26.9516,86.4758,58,Udayapur,926
2018-03-14,27.7007,85.0702,97,Dhading,1199
2018-03-15,26.8132,86.5335,71,Udayapur,304
2018-03-15,28.3988,83.8464,89,Kaski,1128
2018-03-17,27.1193,85.0301,88,Bara,249
2018-03-19,27.6122,84.4864,81,Chitwan,325
2018-03-19,27.1709,85.2833,100,Bara,147
2018-03-19,27.6475,83.4731,64,Rupandehi,202
2018-03-19,26.8903,85.6568,83,Sarlahi,134
2018-03-20,26.8348,85.3266,68,Rautahat,83
2018-03-20,27.822,84.1323,59,Tanahu,847
2018-03-21,27.6859,83.3722,64,Rupandehi,236
2018-03-21,26.8173,85.735,88,Sarlahi,184
2018-03-22,27.545,85.1302,69,Makwanpur,666
2018-03-23,27.5006,83.4171,84,Rupandehi,238
2018-03-23,27.9677,82.5502,71,Dang,756
2018-03-23,27.5122,84.3916,98,Chitwan,250
2018-03-24,27.0105,86.7785,95,Udayapur,257
2018-03-24,28.0187,83.9658,71,Syangja,1058
2018-03-26,28.0122,84.2742,96,Tanahu,960
2018-03-26,27.8046,84.1577,64,Tanahu,1083
2018-03-26,28.6361,80.7066,66,Kailali,374
2018-03-27,27.2144,85.9795,99,Sindhuli,755
2018-03-27,27.5101,84.3334,91,Chitwan,397
2018-03-28,28.6861,81.0344,79,Kailali,180
2018-03-28,27.1099,85.3395,92,Rautahat,179
2018-03-28,28.106,84.7727,66,Gorkha,860
2018-03-29,26.9198,85.399,63,Rautahat,192
2018-03-30,27.6811,84.3036,89,Nawalpur,478
2018-03-30,28.8009,80.9131,83,Kailali,410
2018-03-31,28.8635,80.1307,79,Kanchanpur,226
2018-03-31,26.8632,85.3325,92,Rautahat,121
2018-03-31,27.6633,84.3889,80,Nawalpur,311
2018-04-01,27.8241,84.1159,75,Tanahu,688
2018-04-02,28.4114,81.2875,99,Bardiya,226
2018-04-02,27.6158,83.4991,64,Rupandehi,223
2018-04-03,28.1902,83.7181,62,Syangja,1470
2018-04-04,26.8055,85.3224,62,Rautahat,106
2018-04-05,27.291,86.1104,97,Sindhuli,1213
2018-04-06,28.0326,84.8733,70,Gorkha,2261
2018-04-07,28.2521,81.3814,65,Bardiya,230
2018-04-07,28.5523,81.4532,95,Surkhet,975
2018-04-07,28.397,81.2622,68,Bardiya,163
2018-04-07,27.6243,84.2954,62,Chitwan,268
2018-04-08,27.149,85.9897,95,Sindhuli,1587
2018-04-08,27.0156,85.4241,92,Rautahat,131
2018-04-08,27.7985,83.495,88,Rupandehi,165
2018-04-08,27.9643,83.6529,91,Syangja,1535
2018-04-08,27.5092,84.5185,78,Chitwan,223
2018-04-08,27.9905,82.6668,61,Dang,753
2018-04-09,27.0428,86.3045,99,Udayapur,844
2018-04-09,27.2687,84.9622,59,Parsa,314
2018-04-09,27.9153,84.9939,69,Dhading,1539
2018-04-09,28.9542,80.9584,94,Kailali,400
2018-04-10,27.4261,85.3702,66,Makwanpur,1112
2018-04-10,26.9132,85.5302,69,Sarlahi,103
2018-04-10,27.9364,83.9893,70,Syangja,1208
2018-04-12,27.7075,83.3919,85,Rupandehi,187
2018-04-12,28.1499,83.9612,69,Syangja,1375
2018-04-14,28.1422,83.6762,82,Syangja,696
2018-04-14,29.0402,80.0437,89,Kanchanpur,169
2018-04-14,26.8274,85.6893,69,Sarlahi,190
2018-04-15,27.7082,83.5119,81,Rupandehi,109
2018-04-16,28.8551,81.027,55,Kailali,180
2018-04-16,28.2875,81.3216,72,Bardiya,178
2018-04-16,28.7994,81.0016,72,Kailali,302
2018-04-16,26.9754,86.8757,61,Udayapur,952
2018-04-17,27.4195,85.0393,72,Makwanpur,383
2018-04-18,27.9386,84.8539,84,Dhading,1274
2018-04-18,27.4697,84.684,61,Parsa,162
2018-04-18,26.8997,85.4545,84,Rautahat,134
2018-04-18,28.1596,83.7786,76,Syangja,1084
2018-04-19,27.3492,85.8433,70,Sindhuli,1457
2018-04-20,28.6514,80.8327,71,Kailali,314
2018-04-20,27.2211,86.2708,92,Sindhuli,1083
2018-04-20,28.4796,81.5297,68,Bardiya,141
2018-04-21,26.8199,86.9392,100,Udayapur,653
2018-04-22,28.0501,84.3814,96,Tanahu,850
2018-04-22,28.0759,84.4923,80,Tanahu,780
2018-04-22,28.0336,84.501,92,Gorkha,1952
2018-04-23,27.5236,83.388,78,Rupandehi,194
2018-04-23,27.1399,85.5218,95,Sarlahi,129
2018-04-23,27.0297,86.6649,72,Udayapur,701
2018-04-23,27.6416,84.2506,58,Chitwan,161
2018-04-23,27.6225,84.0605,65,Nawalpur,197
2018-04-23,28.028,84.1814,73,Tanahu,794
2018-04-24,28.5742,81.8918,93,Surkhet,622
2018-04-24,27.7011,84.2716,81,Nawalpur,575
2018-04-24,27.0295,84.9697,81,Bara,88
2018-04-25,27.6033,84.2764,81,Chitwan,210
2018-04-25,26.9721,85.7379,96,Sarlahi,93
2018-04-26,28.1256,83.8993,81,Kaski,1581
2018-04-26,27.8214,84.1934,95,Tanahu,538
2018-04-26,28.9456,80.6934,81,Kailali,387
2018-04-26,27.3568,86.0054,85,Sindhuli,781
2018-04-26,26.8011,85.7575,63,Sarlahi,97
2018-04-27,28.5977,81.5419,94,Surkhet,998
2018-04-27,27.8943,84.8555,80,Dhading,1369
2018-04-27,27.0883,85.2645,69,Rautahat,134
2018-04-28,26.8244,85.2941,85,Rautahat,86
2018-04-29,28.11,81.31,61,Bardiya,156
2018-04-29,27.9731,83.8205,93,Syangja,983
2018-04-29,28.4041,81.4816,65,Bardiya,142
2018-04-30,28.8716,80.1583,74,Kanchanpur,217
2018-04-30,26.9269,85.7266,87,Sarlahi,133
2018-04-30,26.9729,86.8342,88,Udayapur,340
2018-05-01,28.8757,80.0464,87,Kanchanpur,227
2018-05-02,26.952,85.295,86,Rautahat,166
2018-05-03,27.4275,85.1723,72,Makwanpur,1077
2018-05-04,27.9761,84.8827,79,Dhading,892
2018-05-04,27.4071,84.6869,70,Parsa,211
2018-05-06,27.1499,86.0428,80,Sindhuli,656
2018-05-08,27.18,86.1937,57,Sindhuli,529
2018-05-08,28.433,81.8332,77,Surkhet,679
2018-05-09,27.1506,85.3098,72,Rautahat,140
2018-05-11,27.6361,84.2458,72,Chitwan,371
2018-05-13,29.0529,80.3104,57,Kanchanpur,172
2018-05-14,28.6644,81.4124,76,Surkhet,1041
2018-05-18,27.0823,85.3683,99,Rautahat,93
2018-05-18,27.7393,84.0702,99,Nawalpur,546
2018-05-20,27.6644,83.3001,82,Rupandehi,143
2018-05-21,26.9848,85.2163,94,Rautahat,142
2018-05-22,26.9379,86.7668,84,Udayapur,919
2018-05-24,28.1795,82.7525,97,Dang,786
2018-05-24,27.5823,83.4698,58,Rupandehi,202
2018-05-26,28.0895,84.9998,70,Dhading,1703
2018-05-26,27.1306,86.1862,93,Sindhuli,1420
2018-05-26,26.8829,85.2648,76,Rautahat,184
2018-05-28,27.8183,82.3367,60,Dang,686
2018-05-28,28.4836,81.5249,83,Surkhet,1153
2018-05-28,27.6483,83.3732,55,Rupandehi,198
2018-05-28,26.9016,86.7849,76,Udayapur,719
2018-05-31,28.9395,80.1769,85,Kanchanpur,171
2018-05-31,27.0522,84.9024,79,Bara,139
2018-06-01,27.7249,85.0332,92,Dhading,1006
2018-06-07,27.295,86.1906,56,Sindhuli,1182
2018-06-07,27.8222,84.9484,61,Dhading,1292
2018-06-15,27.2498,84.723,91,Parsa,287
2018-06-20,28.7496,80.6131,88,Kailali,436
2018-07-23,27.1362,85.8963,89,Sindhuli,543
2018-07-25,27.8916,82.6046,92,Dang,858
2018-09-21,28.8038,80.168,82,Kanchanpur,199
2018-09-23,28.0098,84.4068,93,Tanahu,451
2018-10-16,26.8544,86.7097,86,Udayapur,707
2018-10-19,27.0647,85.346,68,Rautahat,102
2018-10-25,28.2174,81.2633,71,Bardiya,130
2018-10-30,26.8392,85.3956,55,Rautahat,144
2018-11-17,28.4575,81.7693,92,Surkhet,765
2018-11-18,27.2788,84.9343,59,Bara,162
2018-11-28,28.9017,80.6579,98,Kailali,352
2019-01-13,28.1739,81.2562,70,Bardiya,168
2019-01-13,28.0781,83.6782,74,Syangja,706
2019-01-14,26.8372,85.3794,79,Rautahat,118
2019-01-17,28.0978,83.6063,81,Syangja,1132
2019-01-18,27.8321,84.889,63,Dhading,1385
2019-02-05,27.4293,84.765,69,Parsa,310
2019-02-09,26.8105,85.4787,72,Rautahat,179
2019-02-12,28.5293,81.6785,61,Surkhet,907
2019-02-13,28.0411,84.3207,60,Tanahu,850
2019-02-13,28.1689,82.7083,67,Dang,627
2019-02-14,28.0165,82.2362,85,Dang,868
2019-02-14,27.5509,83.3807,64,Rupandehi,140
2019-02-15,26.9293,85.7913,83,Sarlahi,117
2019-02-17,27.0666,85.1657,78,Bara,94
2019-02-23,28.6796,80.8564,57,Kailali,300
2019-02-24,27.4777,85.1728,90,Makwanpur,1118
2019-02-28,27.0883,85.6815,91,Sarlahi,181
2019-02-28,28.0738,82.3682,97,Dang,762
2019-02-28,28.0829,84.1839,99,Tanahu,1017
2019-03-01,28.9287,80.6695,99,Kailali,321
2019-03-02,28.3376,81.3786,58,Bardiya,210
2019-03-03,28.1129,81.4641,56,Bardiya,203
2019-03-03,27.8021,82.385,72,Dang,707
2019-03-04,28.8747,80.832,60,Kailali,177
2019-03-04,26.9551,85.0468,72,Bara,133
2019-03-04,26.8425,85.2725,83,Rautahat,94
2019-03-04,27.1727,86.1349,95,Sindhuli,1037
2019-03-05,27.6053,84.3791,64,Nawalpur,440
2019-03-07,27.1147,84.9658,83,Bara,225
2019-03-07,27.9128,85.0293,77,Dhading,821
2019-03-07,27.4438,85.3347,55,Makwanpur,699
2019-03-08,27.0111,85.5334,74,Sarlahi,114
2019-03-09,27.9673,83.6433,78,Syangja,1445
2019-03-09,27.5257,83.4856,100,Rupandehi,219
2019-03-10,27.7687,83.4184,64,Rupandehi,151
2019-03-10,27.6317,83.4619,58,Rupandehi,213
2019-03-10,28.8711,80.3505,88,Kanchanpur,248
2019-03-11,28.0577,83.9077,59,Syangja,1423
2019-03-11,28.0871,84.9229,70,Dhading,674
2019-03-13,26.8868,86.384,82,Udayapur,597
2019-03-14,27.8567,82.5799,88,Dang,609
2019-03-14,27.8943,84.8768,87,Dhading,855
2019-03-14,27.1762,84.9603,85,Bara,249
2019-03-19,27.1978,85.9402,78,Sindhuli,1343
2019-03-20,26.9175,85.2308,73,Rautahat,119
2019-03-20,28.09,84.1861,58,Tanahu,617
2019-03-20,26.9154,85.3159,90,Rautahat,134
2019-03-22,27.2467,84.9018,60,Parsa,112
2019-03-22,26.8374,85.3923,92,Rautahat,151
2019-03-24,28.6802,81.4182,86,Surkhet,1101
2019-03-24,28.2103,83.8883,85,Kaski,2140
2019-03-24,27.5925,84.0798,84,Nawalpur,547
2019-03-24,29.0897,80.1722,71,Kanchanpur,151
2019-03-25,27.6471,84.3996,90,Chitwan,246
2019-03-26,28.6252,81.0433,73,Kailali,287
2019-03-27,27.9385,82.4654,85,Dang,676
2019-03-28,27.0815,85.3501,77,Rautahat,180
2019-03-28,28.8198,80.0378,73,Kanchanpur,217
2019-03-30,29.0412,80.2077,87,Kanchanpur,164
2019-03-31,26.8592,86.7217,96,Udayapur,808
2019-03-31,26.983,86.4346,90,Udayapur,397
2019-04-01,27.9556,84.9491,86,Dhading,581
2019-04-01,27.234,85.9335,92,Sindhuli,795
2019-04-02,27.2689,84.9605,91,Parsa,273
2019-04-03,27.3815,84.8716,78,Parsa,337
2019-04-03,27.3368,85.3264,100,Makwanpur,842
2019-04-03,27.6138,83.4658,55,Rupandehi,108
2019-04-04,26.8554,85.575,78,Sarlahi,156
2019-04-04,28.6135,81.8637,78,Surkhet,982
2019-04-04,28.752,81.0487,79,Kailali,196
2019-04-05,27.4905,84.8402,91,Parsa,187
2019-04-05,27.1085,86.2654,96,Sindhuli,1407
2019-04-05,26.8532,85.4581,89,Rautahat,94
2019-04-06,28.4244,81.535,60,Bardiya,247
2019-04-06,27.98,82.6081,90,Dang,703
2019-04-06,26.9961,86.7849,62,Udayapur,249
2019-04-06,27.7338,83.5175,70,Rupandehi,183
2019-04-06,26.8544,85.5962,67,Sarlahi,193
2019-04-07,28.3988,81.5017,99,Bardiya,239
2019-04-08,28.2133,81.4714,97,Bardiya,188
2019-04-08,27.9355,84.9096,74,Dhading,1014
2019-04-08,28.1875,84.7874,55,Gorkha,1082
2019-04-08,28.1964,84.0584,60,Kaski,2071
2019-04-08,27.5802,84.0984,80,Nawalpur,317
2019-04-09,28.4321,81.4482,67,Surkhet,689
2019-04-10,28.773,81.1375,62,Kailali,166
2019-04-11,28.4086,81.4941,57,Bardiya,169
2019-04-11,27.2474,84.7662,76,Parsa,216
2019-04-12,27.9196,84.3918,75,Tanahu,581
2019-04-12,27.2743,84.7751,88,Parsa,209
2019-04-12,26.9918,86.854,97,Udayapur,245
2019-04-12,27.5376,85.0184,78,Makwanpur,892
2019-04-12,27.7292,84.083,91,Nawalpur,330
2019-04-12,26.8475,85.7925,76,Sarlahi,127
2019-04-12,28.3314,84.082,86,Kaski,1766
2019-04-12,27.0375,85.4743,70,Rautahat,93
2019-04-13,28.3765,83.9404,64,Kaski,1053
2019-04-13,27.1425,85.7691,87,Sarlahi,179
2019-04-13,27.8827,84.7231,74,Dhading,1101
2019-04-14,27.7667,84.8776,77,Dhading,1081
2019-04-14,26.8183,86.964,66,Udayapur,903
2019-04-14,27.3224,85.8081,92,Sindhuli,1063
2019-04-15,28.3389,84.0366,59,Kaski,1292
2019-04-15,28.8772,80.3286,96,Kanchanpur,246
2019-04-17,27.2171,84.9327,60,Parsa,119
2019-04-17,28.3256,84.614,72,Gorkha,2026
2019-04-17,26.9274,85.6179,74,Sarlahi,153
2019-04-17,27.5286,85.2402,60,Makwanpur,1014
2019-04-17,27.0955,85.2596,58,Bara,155
2019-04-17,26.9982,85.4917,97,Rautahat,192
2019-04-17,28.9152,80.2959,99,Kanchanpur,229
2019-04-18,28.1618,83.8943,63,Syangja,662
2019-04-18,29.0994,80.1913,66,Kanchanpur,187
2019-04-18,27.1735,85.4386,62,Rautahat,112
2019-04-18,27.3504,86.1781,84,Sindhuli,1574
2019-04-18,27.0412,85.7621,92,Sarlahi,102
2019-04-18,27.9197,82.5384,79,Dang,770
2019-04-18,28.0156,84.7296,85,Dhading,1787
2019-04-19,27.3309,84.7839,75,Parsa,119
2019-04-19,27.8104,84.1269,78,Tanahu,1000
2019-04-19,26.9085,85.3686,61,Rautahat,112
2019-04-19,28.1285,83.7281,75,Syangja,803
2019-04-20,27.9002,82.581,63,Dang,765
2019-04-20,28.492,81.4335,99,Bardiya,225
2019-04-20,27.8941,84.1606,81,Tanahu,921
2019-04-20,27.5437,84.3824,95,Chitwan,165
2019-04-20,27.5161,84.1185,76,Nawalpur,527
2019-04-21,26.9905,85.0716,94,Bara,175
2019-04-21,27.0666,85.1556,95,Bara,164
2019-04-21,27.7058,83.5769,74,Rupandehi,233
2019-04-21,27.7745,83.4656,79,Rupandehi,216
2019-04-21,28.1457,83.9319,70,Kaski,1331
2019-04-22,27.7435,84.1782,90,Nawalpur,413
2019-04-22,28.1662,84.7835,56,Gorkha,1099
2019-04-22,27.6346,83.5751,60,Rupandehi,156
2019-04-22,27.9684,83.8212,66,Syangja,975
2019-04-23,28.2449,84.1219,74,Kaski,1758
2019-04-23,28.9639,80.2703,98,Kanchanpur,236
2019-04-23,26.8578,86.3789,84,Udayapur,329
2019-04-23,27.0449,86.8221,57,Udayapur,662
2019-04-23,27.9692,84.7557,71,Dhading,893
2019-04-24,27.7943,83.3761,59,Rupandehi,102
2019-04-24,27.9797,83.8622,92,Syangja,1572
2019-04-25,27.9034,84.7073,68,Dhading,901
2019-04-25,27.5162,84.5794,71,Chitwan,342
2019-04-25,28.5221,81.8675,85,Surkhet,1127
2019-04-25,28.5941,81.4221,98,Surkhet,1190
2019-04-25,28.179,84.7751,78,Gorkha,942
2019-04-26,27.6388,83.4663,57,Rupandehi,218
2019-04-26,27.7754,84.0937,98,Nawalpur,498
2019-04-26,27.5387,83.5127,90,Rupandehi,112
2019-04-26,28.3257,84.1135,70,Kaski,1127
2019-04-26,28.6491,81.7423,85,Surkhet,1188
2019-04-26,26.9607,86.5007,99,Udayapur,601
2019-04-27,27.0955,85.4551,66,Rautahat,84
2019-04-27,29.0525,80.152,83,Kanchanpur,236
2019-04-29,27.9023,84.248,91,Tanahu,949
2019-04-29,29.0337,80.0306,88,Kanchanpur,213
2019-04-29,28.2854,84.834,57,Gorkha,2267
2019-04-29,28.882,80.3197,80,Kanchanpur,193
2019-04-30,28.6198,81.5761,89,Surkhet,683
2019-05-02,27.0029,85.4965,79,Rautahat,146
2019-05-02,27.976,83.9013,77,Syangja,791
2019-05-03,27.19,86.214,96,Sindhuli,496
2019-05-04,27.9576,84.0,73,Syangja,754
2019-05-06,28.4042,81.5686,98,Surkhet,777
2019-05-07,27.5234,84.1821,90,Nawalpur,177
2019-05-08,26.984,85.7069,82,Sarlahi,123
2019-05-12,28.3617,84.8479,57,Gorkha,1336
2019-05-13,27.3751,84.6682,94,Parsa,257
2019-05-15,28.2363,84.0565,63,Kaski,1534
2019-05-15,26.9587,85.7321,72,Sarlahi,83
2019-05-16,28.6153,81.1422,63,Kailali,291
2019-05-16,28.644,81.8669,67,Surkhet,1032
2019-05-16,29.0089,80.1633,66,Kanchanpur,179
2019-05-17,29.0203,80.3443,63,Kanchanpur,247
2019-05-18,27.9846,84.4623,68,Tanahu,317
2019-05-22,28.3005,84.7718,64,Gorkha,2405
2019-05-24,28.2643,81.5494,82,Bardiya,242
2019-05-24,27.9857,83.6033,63,Syangja,707
2019-05-25,27.7953,83.3164,68,Rupandehi,130
2019-05-26,26.8524,85.613,99,Sarlahi,99
2019-05-26,28.3334,84.0012,65,Kaski,1386
2019-05-27,26.9494,85.7106,89,Sarlahi,189
2019-05-27,27.3447,86.1658,93,Sindhuli,782
2019-05-28,29.0004,80.2838,73,Kanchanpur,204
2019-05-28,28.4486,81.8674,88,Surkhet,735
2019-05-30,28.9324,80.5642,83,Kailali,423
2019-05-30,28.1536,83.858,61,Syangja,931
2019-05-30,28.8047,80.0829,100,Kanchanpur,164
2019-06-03,29.044,80.268,98,Kanchanpur,232
2019-06-10,27.1493,85.6,64,Sarlahi,149
2019-06-11,28.363,83.8037,61,Kaski,1595
2019-06-16,27.0112,86.4502,99,Udayapur,689
2019-06-17,27.6017,83.356,78,Rupandehi,203
2019-06-17,28.1334,84.8516,60,Gorkha,1494
2019-06-18,27.3548,85.9504,84,Sindhuli,1249
2019-06-19,28.0392,83.8255,98,Syangja,1179
2019-06-22,27.1961,85.4872,59,Rautahat,142
2019-06-24,26.9263,86.639,71,Udayapur,261
2019-08-15,27.1607,85.0286,64,Bara,160
2019-09-06,27.7128,83.4253,56,Rupandehi,117
2019-09-12,28.6307,81.7829,96,Surkhet,1186
2019-09-26,27.7906,83.3874,86,Rupandehi,204
2019-09-29,27.2871,84.7537,70,Parsa,253
2019-10-20,28.6164,81.4218,70,Surkhet,818
2019-11-15,28.1712,83.6776,91,Syangja,1278
2019-12-06,27.0403,86.809,93,Udayapur,263
2019-12-12,27.583,84.3586,79,Chitwan,243
2019-12-18,27.5657,85.0578,80,Makwanpur,672
2020-01-07,28.3321,83.9243,84,Kaski,920
2020-01-14,27.5197,85.1733,64,Makwanpur,1255
2020-02-02,28.4578,81.8165,70,Surkhet,1102
2020-02-13,27.654,83.5032,66,Rupandehi,139
2020-02-15,27.2538,84.9217,80,Parsa,345
2020-02-21,27.5782,84.047,85,Nawalpur,533
2020-02-28,27.1696,84.9461,55,Bara,205
2020-02-29,28.2035,84.5755,96,Gorkha,1283
2020-03-02,28.1343,81.3375,92,Bardiya,194
2020-03-03,26.9921,85.5291,95,Sarlahi,104
2020-03-04,27.9697,84.409,87,Tanahu,745
2020-03-04,27.5166,84.3297,65,Nawalpur,225
2020-03-05,28.2497,84.1531,60,Kaski,1470
2020-03-05,29.0584,80.1045,96,Kanchanpur,221
2020-03-06,27.0361,85.7016,70,Sarlahi,117
2020-03-06,27.6488,83.4148,77,Rupandehi,163
2020-03-08,27.3659,84.9656,81,Parsa,285
2020-03-09,26.9791,86.4179,73,Udayapur,983
2020-03-13,28.1048,81.5321,63,Bardiya,247
2020-03-13,28.106,83.9045,76,Kaski,946
2020-03-14,28.6847,81.4836,67,Surkhet,727
2020-03-15,27.3408,85.2851,61,Makwanpur,430
2020-03-18,28.679,81.7702,90,Surkhet,909
2020-03-19,27.9739,84.8663,86,Dhading,1591
2020-03-19,28.0323,82.5033,80,Dang,791
2020-03-19,27.2727,86.2913,66,Sindhuli,866
2020-03-19,26.913,85.141,94,Bara,236
2020-03-20,28.1953,82.4612,95,Dang,899
2020-03-20,27.5948,84.2529,55,Chitwan,193
2020-03-22,28.0834,84.7927,66,Dhading,1026
2020-03-25,28.1586,84.829,78,Gorkha,1018
2020-03-26,29.0754,80.0806,100,Kanchanpur,163
2020-03-27,27.7059,84.3688,92,Nawalpur,187
2020-03-27,27.0186,86.7235,83,Udayapur,271
2020-03-28,28.3725,81.2968,83,Bardiya,188
2020-03-29,27.2485,85.8564,93,Sindhuli,999
2020-03-30,27.5987,85.3547,74,Makwanpur,1358
2020-03-30,28.3096,84.092,58,Kaski,1985
2020-03-30,28.1884,83.989,72,Syangja,742
2020-03-31,27.5489,84.3887,64,Chitwan,245
2020-03-31,27.7102,83.5206,72,Rupandehi,147
2020-04-01,28.6288,81.8772,56,Surkhet,1062
2020-04-01,27.101,85.0554,75,Bara,110
2020-04-01,27.9114,83.6225,56,Syangja,1201
2020-04-02,27.7634,84.0321,91,Nawalpur,444
2020-04-03,27.4563,85.0742,99,Makwanpur,417
2020-04-03,27.6468,83.4732,81,Rupandehi,140
2020-04-03,27.3189,84.7222,69,Parsa,274
2020-04-03,26.9307,85.3759,96,Rautahat,171
2020-04-04,28.3303,84.8842,97,Gorkha,1247
2020-04-04,26.8655,86.5115,94,Udayapur,616
2020-04-05,27.279,84.786,72,Parsa,156
2020-04-06,27.6592,84.2882,69,Chitwan,158
2020-04-06,27.1254,85.1252,86,Bara,111
2020-04-06,27.9964,85.0038,58,Dhading,1627
2020-04-07,27.4884,84.9757,98,Makwanpur,794
2020-04-08,27.7455,83.4256,85,Rupandehi,180
2020-04-10,26.8874,85.3275,96,Rautahat,168
2020-04-10,27.567,84.1945,74,Nawalpur,228
2020-04-10,27.3059,86.1192,97,Sindhuli,970
2020-04-11,28.4747,81.2563,70,Bardiya,219
2020-04-11,28.2827,84.8599,93,Gorkha,2110
2020-04-12,28.383,84.6254,80,Gorkha,1277
2020-04-12,28.4358,81.754,65,Surkhet,1020
2020-04-12,26.8161,85.7508,60,Sarlahi,119
2020-04-12,29.0419,80.2791,56,Kanchanpur,241
2020-04-13,27.8582,84.995,83,Dhading,1648
2020-04-13,26.8959,86.809,60,Udayapur,845
2020-04-13,28.4826,81.4719,99,Surkhet,965
2020-04-14,27.708,84.1554,63,Nawalpur,338
2020-04-14,27.163,86.1688,100,Sindhuli,1226
2020-04-14,28.1586,82.284,79,Dang,636
2020-04-15,28.9746,80.3476,60,Kanchanpur,234
2020-04-15,28.1004,81.3907,69,Bardiya,145
2020-04-15,28.922,80.2144,68,Kanchanpur,246
2020-04-15,28.0567,82.4325,79,Dang,711
2020-04-16,26.8748,85.2978,71,Rautahat,134
2020-04-16,28.546,81.6687,66,Surkhet,1151
2020-04-16,27.5969,84.2781,90,Chitwan,245
2020-04-16,27.9611,82.6499,78,Dang,808
2020-04-16,26.8969,86.4985,63,Udayapur,637
2020-04-16,27.5016,84.3374,82,Chitwan,180
2020-04-16,28.2691,83.9216,84,Kaski,1671
2020-04-17,27.9319,84.7849,59,Gorkha,1653
2020-04-17,28.0663,84.828,91,Dhading,1573
2020-04-18,28.5848,81.7924,58,Surkhet,1088
2020-04-18,27.6974,84.5736,91,Chitwan,182
2020-04-18,26.9061,85.2845,58,Rautahat,108
2020-04-19,27.109,85.0678,64,Bara,150
2020-04-20,29.0373,80.0991,70,Kanchanpur,214
2020-04-20,28.2836,84.6694,95,Gorkha,1304
2020-04-20,28.6196,81.6735,60,Surkhet,1138
2020-04-20,27.6023,84.4649,78,Chitwan,360
2020-04-21,26.8647,86.9458,80,Udayapur,958
2020-04-21,26.884,86.9184,94,Udayapur,227
2020-04-22,28.1134,84.0843,76,Kaski,831
2020-04-22,28.1411,84.1094,63,Kaski,1854
2020-04-23,28.0761,83.7399,71,Syangja,763
2020-04-23,27.721,83.4749,67,Rupandehi,249
2020-04-24,28.6274,80.8943,65,Kailali,333
2020-04-24,27.7464,84.9449,97,Dhading,571
2020-04-24,27.3692,86.0599,78,Sindhuli,1241
2020-04-24,28.8368,80.3769,91,Kanchanpur,155
2020-04-24,28.6522,81.8382,61,Surkhet,708
2020-04-25,28.6711,80.5013,91,Kailali,360
2020-04-26,27.8464,82.7644,74,Dang,642
2020-04-26,27.6409,84.2823,59,Chitwan,338
2020-04-26,28.934,80.1061,59,Kanchanpur,174
2020-04-28,27.2942,86.1388,81,Sindhuli,722
2020-04-28,27.1321,85.1483,67,Bara,160
2020-04-29,27.8916,82.2536,61,Dang,841
2020-04-29,28.5909,81.8815,97,Surkhet,1092
2020-04-29,27.9897,83.7579,57,Syangja,1453
2020-04-30,27.2304,84.6822,99,Parsa,147
2020-04-30,27.7114,84.037,87,Nawalpur,520
2020-05-01,29.0072,80.0197,72,Kanchanpur,197
2020-05-01,27.9244,82.5041,88,Dang,640
2020-05-02,27.1604,85.1749,59,Bara,107
2020-05-03,27.8087,82.2387,83,Dang,870
2020-05-04,27.3349,84.7394,83,Parsa,304
2020-05-05,27.9668,84.32,61,Tanahu,385
2020-05-06,26.828,86.5523,97,Udayapur,265
2020-05-06,28.1114,83.7725,93,Syangja,1253
2020-05-07,26.914,85.7824,97,Sarlahi,83
2020-05-07,27.914,82.4319,91,Dang,648
2020-05-09,27.0199,86.3826,76,Udayapur,919
2020-05-09,28.1531,83.7233,86,Syangja,997
2020-05-11,28.489,81.2912,83,Bardiya,166
2020-05-11,27.8889,82.334,81,Dang,861
2020-05-12,27.6979,84.5128,89,Chitwan,239
2020-05-13,28.8885,80.9588,71,Kailali,449
2020-05-15,27.0325,86.8763,57,Udayapur,493
2020-05-15,29.0682,80.3049,95,Kanchanpur,154
2020-05-15,28.3138,84.0837,79,Kaski,1185
2020-05-16,27.755,84.2978,82,Nawalpur,328
2020-05-20,28.0948,83.6697,99,Syangja,1568
2020-05-20,26.9305,85.2829,55,Rautahat,134
2020-05-21,27.9461,83.7443,73,Syangja,1027
2020-05-21,27.0176,86.6913,98,Udayapur,930
2020-05-22,29.0452,80.1212,86,Kanchanpur,178
2020-05-23,27.0557,86.3633,74,Udayapur,846
2020-05-25,28.8806,80.5929,75,Kailali,193
2020-05-26,27.8972,84.8515,61,Dhading,1209
2020-05-28,28.8179,80.0591,64,Kanchanpur,220
2020-05-29,28.47,81.4251,73,Bardiya,142
2020-05-30,27.7537,84.2087,100,Nawalpur,516
2020-05-30,27.3305,84.9857,71,Parsa,159
2020-05-31,28.1421,83.9258,58,Kaski,1431
2020-05-31,28.1991,81.2965,58,Bardiya,194
2020-05-31,28.8905,80.0546,82,Kanchanpur,165
2020-06-09,28.3927,84.7717,81,Gorkha,690
2020-06-15,28.3002,84.771,62,Gorkha,1740
2020-07-01,27.5466,84.3386,55,Chitwan,359
2020-10-05,28.711,80.7169,68,Kailali,303
2020-10-29,28.3882,81.2193,81,Bardiya,182
2020-11-14,27.7547,83.5182,88,Rupandehi,115
2020-12-06,26.8176,86.9941,92,Udayapur,623
2020-12-14,27.5248,84.5431,55,Chitwan,260
2020-12-18,27.7798,85.0539,95,Dhading,1183
2020-12-21,26.9131,85.7053,76,Sarlahi,137
2021-01-05,27.9954,84.738,57,Dhading,1485
2021-01-06,26.9505,85.5473,60,Sarlahi,185
2021-01-17,27.9871,85.066,92,Dhading,1787
2021-01-21,28.7798,81.0736,84,Kailali,312
2021-01-22,27.0122,85.799,96,Sarlahi,178
2021-01-23,27.6059,83.4185,88,Rupandehi,187
2021-01-24,27.6299,83.3051,89,Rupandehi,200
2021-01-24,28.555,81.6027,95,Surkhet,1181
2021-01-24,28.1306,83.9791,64,Syangja,1527
2021-01-25,27.8866,84.1723,67,Tanahu,1108
2021-01-28,27.4837,84.9281,83,Parsa,260
2021-02-02,28.2499,84.186,56,Kaski,1936
2021-02-04,29.0356,80.12,91,Kanchanpur,206
2021-02-04,27.9563,83.6078,89,Syangja,649
2021-02-08,28.4225,81.6458,72,Surkhet,744
2021-02-09,28.7932,80.8417,83,Kailali,416
2021-02-09,27.8748,82.3043,79,Dang,754
2021-02-09,28.4404,81.6563,64,Surkhet,1134
2021-02-10,27.8461,84.7762,96,Dhading,947
2021-02-11,28.0736,82.5235,94,Dang,773
2021-02-12,28.1818,83.6162,69,Syangja,1361
2021-02-14,27.4127,85.0103,86,Makwanpur,865
2021-02-16,28.3866,84.6432,65,Gorkha,1319
2021-02-18,27.6268,84.4529,88,Chitwan,163
2021-02-19,27.4896,85.3878,63,Makwanpur,542
2021-02-20,27.8412,85.0911,65,Dhading,883
2021-02-20,28.1701,83.6558,74,Syangja,1150
2021-02-21,28.418,81.5003,72,Surkhet,1017
2021-02-24,27.4304,85.0671,84,Makwanpur,1266
2021-02-26,28.6095,81.0018,59,Kailali,161
2021-02-26,28.8422,80.6242,93,Kailali,420
2021-03-01,27.7872,83.9056,64,Nawalpur,543
2021-03-01,28.1808,84.0861,69,Kaski,1817
2021-03-01,28.3742,81.3406,71,Bardiya,217
2021-03-01,28.004,83.7775,73,Syangja,1244
2021-03-02,28.4619,81.4577,73,Bardiya,184
2021-03-02,27.6337,84.3522,94,Nawalpur,426
2021-03-02,27.5244,84.5073,83,Chitwan,212
2021-03-02,28.3093,81.2267,63,Bardiya,230
2021-03-03,28.0045,84.4586,85,Tanahu,1075
2021-03-03,26.8854,86.82,81,Udayapur,847
2021-03-03,28.0186,83.8285,88,Syangja,1161
2021-03-03,27.3969,84.7167,56,Parsa,284
2021-03-03,27.4842,84.9531,71,Makwanpur,829
2021-03-04,28.0916,83.6795,97,Syangja,1487
2021-03-04,27.2115,86.2147,88,Sindhuli,763
2021-03-06,27.0954,85.2589,67,Rautahat,166
2021-03-06,27.0432,85.0835,61,Bara,193
2021-03-06,27.2352,85.0194,58,Bara,236
2021-03-07,27.659,83.4239,64,Rupandehi,230
2021-03-07,26.9845,85.3649,59,Rautahat,114
2021-03-07,26.9063,85.5122,74,Sarlahi,88
2021-03-07,27.646,84.3426,67,Nawalpur,347
2021-03-07,27.8437,82.3656,86,Dang,809
2021-03-07,27.9914,84.8657,93,Dhading,1586
2021-03-08,27.5635,84.3528,64,Nawalpur,533
2021-03-08,27.2179,84.8578,61,Parsa,275
2021-03-09,28.2131,81.5139,93,Bardiya,189
2021-03-09,28.6022,81.5799,65,Surkhet,993
2021-03-09,27.4138,84.9504,71,Makwanpur,733
2021-03-09,27.8316,82.4062,96,Dang,694
2021-03-09,28.6645,80.5818,91,Kailali,448
2021-03-10,27.0949,85.0323,96,Bara,101
2021-03-10,26.9019,84.97,90,Bara,166
2021-03-10,28.6899,81.7747,57,Surkhet,816
2021-03-10,28.2646,84.6991,94,Gorkha,2115
2021-03-10,27.5174,85.1297,88,Makwanpur,1156
2021-03-11,26.961,85.1267,82,Bara,217
2021-03-11,27.2842,84.6444,81,Parsa,216
2021-03-12,27.1933,85.0164,87,Bara,158
2021-03-12,28.5007,81.4604,81,Surkhet,684
2021-03-12,27.3544,84.964,58,Parsa,190
2021-03-12,26.9528,85.2157,71,Bara,109
2021-03-13,27.7445,83.9914,84,Nawalpur,330
2021-03-13,27.655,83.9049,70,Nawalpur,524
2021-03-13,27.2991,84.9374,58,Parsa,337
2021-03-13,26.9101,86.7075,74,Udayapur,386
2021-03-13,28.0259,84.3301,82,Tanahu,381
2021-03-13,27.5941,84.4702,58,Chitwan,176
2021-03-14,27.033,86.5264,60,Udayapur,939
2021-03-15,28.935,81.0269,79,Kailali,273
2021-03-15,27.2213,84.9739,66,Bara,98
2021-03-15,27.5265,83.4228,81,Rupandehi,237
2021-03-16,28.4089,81.3802,87,Bardiya,209
2021-03-16,27.9682,84.385,88,Tanahu,335
2021-03-16,27.2021,84.9548,79,Bara,111
2021-03-17,27.5928,83.3742,95,Rupandehi,142
2021-03-17,27.8826,84.4325,90,Tanahu,1123
2021-03-17,28.4615,81.3939,60,Bardiya,201
2021-03-17,28.0681,84.3782,94,Tanahu,1137
2021-03-17,27.2338,85.8462,96,Sindhuli,466
2021-03-18,28.0161,82.202,85,Dang,886
2021-03-18,27.6,84.0514,96,Nawalpur,174
2021-03-18,28.8241,80.1839,96,Kanchanpur,226
2021-03-19,26.9645,85.2333,57,Bara,83
2021-03-19,28.8228,80.3726,77,Kanchanpur,197
2021-03-20,28.441,81.4552,83,Surkhet,873
2021-03-20,27.1651,86.1297,83,Sindhuli,944
2021-03-20,28.1172,83.8419,100,Syangja,1388
2021-03-21,26.8026,85.7646,69,Sarlahi,132
2021-03-21,27.6572,83.5988,94,Rupandehi,115
2021-03-21,26.9395,86.3548,60,Udayapur,911
2021-03-21,28.0285,82.3504,86,Dang,733
2021-03-22,26.9893,85.6972,62,Sarlahi,165
2021-03-22,27.739,83.5548,95,Rupandehi,144
2021-03-22,29.0163,80.2633,79,Kanchanpur,203
2021-03-22,27.9486,84.7901,67,Gorkha,1563
2021-03-23,28.0577,83.8805,78,Syangja,855
2021-03-23,27.1283,85.3078,56,Rautahat,183
2021-03-24,28.14,83.8595,62,Syangja,1396
2021-03-24,27.6185,83.4982,89,Rupandehi,171
2021-03-24,27.1387,85.1149,74,Bara,240
2021-03-24,28.418,81.8069,95,Surkhet,885
2021-03-24,28.6865,80.9266,78,Kailali,203
2021-03-25,26.8033,85.4766,85,Rautahat,193
2021-03-26,28.1101,81.2581,67,Bardiya,210
2021-03-26,27.137,85.3713,93,Rautahat,126
2021-03-27,27.5936,83.9514,74,Nawalpur,376
2021-03-27,28.2017,81.2784,80,Bardiya,144
2021-03-27,27.2672,85.1937,85,Bara,203
2021-03-27,28.4847,81.5743,87,Surkhet,944
2021-03-27,28.4633,81.7672,96,Surkhet,807
2021-03-28,28.9228,80.2278,84,Kanchanpur,240
2021-03-28,26.8935,85.4051,71,Rautahat,126
2021-03-28,26.866,85.2731,63,Rautahat,149
2021-03-29,27.9953,84.7707,70,Gorkha,1753
2021-03-29,28.7018,81.0361,60,Kailali,423
2021-03-29,28.3116,83.9258,81,Kaski,844
2021-03-29,27.6054,84.3888,60,Nawalpur,543
2021-03-30,28.7371,81.131,67,Kailali,257
2021-03-31,27.5664,84.0067,78,Nawalpur,299
2021-03-31,28.3695,83.877,61,Kaski,1519
2021-03-31,28.3369,81.3852,83,Bardiya,196
2021-03-31,27.5045,85.0583,98,Makwanpur,984
2021-04-01,27.8264,84.2994,86,Tanahu,584
2021-04-01,28.5372,81.4602,75,Surkhet,910
2021-04-01,28.0425,84.7784,64,Dhading,1540
2021-04-01,27.8842,82.4382,85,Dang,628
2021-04-01,29.0945,80.3154,83,Kanchanpur,225
2021-04-01,27.6474,83.3413,57,Rupandehi,128
2021-04-01,27.9208,84.88,66,Dhading,961
2021-04-01,27.5942,84.5672,99,Chitwan,161
2021-04-02,28.6337,81.6438,66,Surkhet,978
2021-04-02,27.6823,84.5288,87,Chitwan,243
2021-04-02,28.1903,82.4367,93,Dang,747
2021-04-03,28.5562,81.7931,89,Surkhet,695
2021-04-03,28.0343,84.7822,82,Dhading,1577
2021-04-03,28.6155,81.4618,83,Surkhet,668
2021-04-03,27.5087,85.206,95,Makwanpur,431
2021-04-03,28.5832,81.4188,86,Surkhet,708
2021-04-03,27.4775,84.6704,86,Parsa,296
2021-04-04,29.0634,80.1851,74,Kanchanpur,185
2021-04-04,26.9635,85.2567,55,Rautahat,165
2021-04-04,27.9036,84.7618,75,Gorkha,1875
2021-04-04,28.1297,83.6617,81,Syangja,883
2021-04-04,27.271,86.2738,90,Sindhuli,1070
2021-04-04,27.5133,84.4641,97,Chitwan,315
2021-04-04,28.1218,82.4557,98,Dang,843
2021-04-04,27.1668,85.2198,83,Bara,203
2021-04-05,27.9702,84.5637,91,Gorkha,1632
2021-04-05,28.6953,81.858,69,Surkhet,768
2021-04-05,27.1027,85.821,85,Sindhuli,1340
2021-04-05,27.0283,85.3715,84,Rautahat,91
2021-04-05,28.3327,83.8573,88,Kaski,2020
2021-04-05,27.1514,85.9557,89,Sindhuli,1470
2021-04-05,28.3992,84.068,59,Kaski,987
2021-04-05,28.0574,84.3989,84,Tanahu,321
2021-04-05,28.3761,84.5091,98,Gorkha,1333
2021-04-06,27.3203,86.0944,76,Sindhuli,633
2021-04-06,28.5898,81.8523,61,Surkhet,1092
2021-04-06,27.5887,84.2238,85,Nawalpur,190
2021-04-07,27.2244,85.9651,98,Sindhuli,536
2021-04-07,26.8548,86.8223,67,Udayapur,944
2021-04-07,27.1808,86.2793,66,Sindhuli,811
2021-04-07,27.9594,82.4607,63,Dang,809
2021-04-07,27.9627,84.1827,89,Tanahu,424
2021-04-07,27.3005,84.912,62,Makwanpur,1050
2021-04-07,28.2831,84.7982,74,Gorkha,544
2021-04-07,28.663,80.5801,90,Kailali,437
2021-04-07,28.8644,80.8171,94,Kailali,237
2021-04-07,27.0577,85.0273,79,Bara,145
2021-04-08,28.8037,80.3473,91,Kanchanpur,202
2021-04-08,28.9557,80.2753,82,Kanchanpur,211
2021-04-08,28.2472,84.0291,100,Kaski,1301
2021-04-08,26.963,86.9991,64,Udayapur,577
2021-04-08,26.8503,86.7799,93,Udayapur,937
2021-04-08,27.7233,83.3055,77,Rupandehi,202
2021-04-08,28.1077,83.6825,88,Syangja,1239
2021-04-08,27.4775,85.3185,82,Makwanpur,635
2021-04-09,28.3809,83.8634,90,Kaski,1819
2021-04-09,28.6529,80.5578,58,Kailali,321
2021-04-09,28.878,80.9678,97,Kailali,262
2021-04-09,28.8602,80.1146,83,Kanchanpur,203
2021-04-09,28.8022,81.096,63,Kailali,233
2021-04-09,27.954,82.6145,73,Dang,759
2021-04-10,28.6951,81.7417,58,Surkhet,687
2021-04-10,28.9144,80.3185,71,Kanchanpur,161
2021-04-10,26.8279,85.558,76,Sarlahi,138
2021-04-10,28.6648,80.6012,58,Kailali,380
2021-04-10,28.0493,83.6639,58,Syangja,1522
2021-04-10,28.9458,80.2663,90,Kanchanpur,203
2021-04-10,27.6193,84.258,79,Nawalpur,342
2021-04-11,27.055,85.767,96,Sarlahi,147
2021-04-11,27.941,85.0546,99,Dhading,1165
2021-04-11,28.1041,84.0775,83,Kaski,955
2021-04-11,27.19,85.0262,68,Bara,171
2021-04-11,27.7954,84.7975,85,Dhading,706
2021-04-11,27.5442,85.1955,82,Makwanpur,1241
2021-04-11,27.1114,85.3407,85,Rautahat,141
2021-04-11,28.8772,80.3123,58,Kanchanpur,177
2021-04-11,27.017,85.7383,60,Sarlahi,174
2021-04-12,27.1007,85.9776,73,Sindhuli,1160
2021-04-12,28.7704,80.9098,89,Kailali,228
2021-04-12,26.9239,85.3042,60,Rautahat,144
2021-04-12,26.9606,85.3013,93,Rautahat,98
2021-04-12,27.1085,86.1824,59,Sindhuli,991
2021-04-13,27.0505,86.4843,66,Udayapur,635
2021-04-13,27.789,84.0383,67,Nawalpur,422
2021-04-13,27.3577,84.7693,57,Parsa,334
2021-04-13,26.9748,85.275,96,Rautahat,165
2021-04-13,27.2899,85.9623,72,Sindhuli,600
2021-04-13,26.9598,85.101,58,Bara,117
2021-04-13,28.0663,84.271,93,Tanahu,998
2021-04-13,27.6866,84.4658,99,Chitwan,216
2021-04-14,27.2895,84.7163,93,Parsa,281
2021-04-14,28.1183,81.2657,100,Bardiya,146
2021-04-14,27.6767,84.2707,99,Nawalpur,492
2021-04-14,28.8779,80.1441,71,Kanchanpur,205
2021-04-14,28.0192,84.9388,90,Dhading,1535
2021-04-14,27.257,84.7758,73,Parsa,321
2021-04-14,28.0974,83.99,63,Syangja,735
2021-04-14,27.4831,84.9892,64,Makwanpur,890
2021-04-15,26.9674,86.7025,71,Udayapur,382
2021-04-15,28.6963,81.7081,83,Surkhet,1194
2021-04-15,27.9703,84.1372,99,Tanahu,1022
2021-04-15,26.9005,86.487,96,Udayapur,278
2021-04-15,29.0363,80.0171,96,Kanchanpur,161
2021-04-15,27.3344,86.1835,60,Sindhuli,634
2021-04-15,27.4468,84.7208,86,Parsa,246
2021-04-16,27.5096,84.2463,62,Chitwan,261
2021-04-16,27.8039,84.8214,63,Dhading,500
2021-04-16,26.8037,86.6483,55,Udayapur,598
2021-04-16,28.8779,80.2301,63,Kanchanpur,212
2021-04-16,27.0777,85.2519,100,Rautahat,160
2021-04-16,26.8596,85.3738,57,Rautahat,190
2021-04-16,26.9511,86.5961,78,Udayapur,243
2021-04-17,27.6061,84.2194,92,Chitwan,383
2021-04-17,26.8253,85.7238,59,Sarlahi,85
2021-04-17,28.0645,84.116,61,Tanahu,883
2021-04-17,27.3491,86.1004,66,Sindhuli,1353
2021-04-17,27.0579,85.5814,78,Sarlahi,133
2021-04-17,28.2412,83.8488,76,Kaski,2003
2021-04-17,27.6281,84.476,59,Chitwan,213
2021-04-17,28.1715,83.6616,85,Syangja,940
2021-04-17,27.7047,85.0709,98,Dhading,1083
2021-04-17,28.9643,80.2691,55,Kanchanpur,233
2021-04-17,27.2593,85.0671,85,Bara,87
2021-04-18,26.9102,85.7042,81,Sarlahi,170
2021-04-18,27.6075,83.3404,86,Rupandehi,234
2021-04-18,28.6016,81.7055,93,Surkhet,1014
2021-04-18,27.0993,85.1924,72,Bara,201
2021-04-18,27.9857,84.2462,90,Tanahu,457
2021-04-19,27.5057,83.3673,68,Rupandehi,247
2021-04-19,27.4945,84.9377,92,Parsa,125
2021-04-19,27.0573,85.321,84,Rautahat,108
2021-04-19,28.049,84.4646,96,Tanahu,934
2021-04-19,27.9803,84.8489,72,Dhading,1610
2021-04-19,27.1739,85.3646,99,Rautahat,96
2021-04-19,27.2278,84.9381,57,Bara,189
2021-04-19,26.9296,85.2018,76,Rautahat,162
2021-04-19,28.2303,81.4598,89,Bardiya,225
2021-04-19,27.0468,85.2913,100,Bara,176
2021-04-19,28.3181,84.0255,85,Kaski,885
2021-04-20,28.035,84.7423,61,Gorkha,774
2021-04-20,27.7476,84.3083,76,Nawalpur,529
2021-04-20,28.6075,81.4868,61,Surkhet,1089
2021-04-20,27.7792,83.4202,73,Rupandehi,198
2021-04-20,28.043,84.5134,88,Gorkha,1699
2021-04-20,27.522,85.0059,71,Makwanpur,955
2021-04-20,28.9116,80.5747,94,Kailali,205
2021-04-20,28.6114,81.8456,99,Surkhet,977
2021-04-21,27.9845,84.6466,57,Gorkha,1801
2021-04-21,27.0314,86.7362,58,Udayapur,675
2021-04-21,28.9925,80.9551,87,Kailali,437
2021-04-21,28.2404,81.4718,91,Bardiya,202
2021-04-21,26.9826,85.7247,82,Sarlahi,185
2021-04-21,27.8052,82.7526,60,Dang,796
2021-04-21,28.1689,84.8935,79,Gorkha,578
2021-04-21,28.2839,83.8218,64,Kaski,1523
2021-04-21,27.5209,83.3326,79,Rupandehi,222
2021-04-21,27.2292,84.8125,82,Parsa,188
2021-04-21,26.9448,85.7283,69,Sarlahi,144
2021-04-21,27.3505,86.0598,92,Sindhuli,803
2021-04-22,28.6822,80.98,81,Kailali,152
2021-04-22,29.0131,80.3043,92,Kanchanpur,206
2021-04-22,27.5261,84.9162,61,Makwanpur,1276
2021-04-22,28.616,81.15,95,Kailali,329
2021-04-22,28.4301,81.6542,90,Surkhet,1071
2021-04-22,26.9424,85.7337,60,Sarlahi,94
2021-04-22,27.4383,85.2855,68,Makwanpur,925
2021-04-22,26.8043,86.3781,92,Udayapur,339
2021-04-22,28.0555,82.7536,82,Dang,682
2021-04-22,28.6135,81.5426,100,Surkhet,1183
2021-04-23,26.9057,85.2483,55,Rautahat,181
2021-04-23,27.7207,83.5565,69,Rupandehi,198
2021-04-23,27.5585,84.5534,79,Chitwan,246
2021-04-23,27.1449,85.1385,56,Bara,119
2021-04-23,27.0922,85.0744,98,Bara,123
2021-04-24,26.9742,85.5192,60,Sarlahi,106
2021-04-24,28.5265,81.4672,95,Surkhet,1135
2021-04-24,27.9242,84.1736,70,Tanahu,320
2021-04-24,28.2628,83.996,89,Kaski,1593
2021-04-24,28.8625,80.8954,59,Kailali,197
2021-04-25,29.0897,80.0215,67,Kanchanpur,224
2021-04-25,27.9053,84.5956,94,Gorkha,2428
2021-04-25,27.9536,83.8236,74,Syangja,1083
2021-04-25,26.8698,85.4341,98,Rautahat,122
2021-04-25,28.121,81.3856,85,Bardiya,187
2021-04-25,28.3832,81.248,63,Bardiya,232
2021-04-25,27.3415,85.0675,96,Makwanpur,947
2021-04-26,27.1459,85.4227,70,Rautahat,147
2021-04-26,27.7355,84.2889,83,Nawalpur,561
2021-04-26,27.9109,84.1702,70,Tanahu,1004
2021-04-27,27.6156,83.3326,87,Rupandehi,130
2021-04-27,28.331,84.6371,64,Gorkha,668
2021-04-28,27.6794,84.5099,88,Chitwan,312
2021-04-28,28.5922,81.8643,94,Surkhet,853
2021-04-28,27.9402,83.9385,96,Syangja,1068
2021-04-28,28.6781,81.8928,86,Surkhet,1120
2021-04-28,28.1392,83.8583,95,Syangja,1081
2021-04-28,26.9032,85.609,97,Sarlahi,102
2021-04-28,28.936,80.0121,77,Kanchanpur,197
2021-04-28,26.9015,85.183,85,Bara,211
2021-04-28,28.869,80.0441,70,Kanchanpur,172
2021-04-28,27.5555,83.5615,100,Rupandehi,194
2021-04-29,28.9182,80.3757,89,Kanchanpur,207
2021-04-29,26.8541,85.3241,66,Rautahat,134
2021-04-29,27.3164,86.0964,67,Sindhuli,791
2021-04-29,27.2485,85.1811,69,Bara,208
2021-04-30,27.5065,85.1403,55,Makwanpur,581
2021-04-30,27.053,85.2603,73,Rautahat,154
2021-04-30,27.1128,85.9034,78,Sindhuli,1489
2021-04-30,27.6763,84.3491,71,Nawalpur,185
2021-04-30,27.7312,84.0244,98,Nawalpur,374
2021-04-30,28.7236,80.9936,63,Kailali,307
2021-04-30,27.2775,84.9251,59,Parsa,144
2021-05-02,27.3083,84.8974,78,Parsa,322
2021-05-03,28.4341,81.4676,60,Bardiya,147
2021-05-03,28.4986,81.8473,72,Surkhet,1173
2021-05-03,27.0851,86.4558,67,Udayapur,737
2021-05-03,28.9106,80.1516,82,Kanchanpur,156
2021-05-03,27.5937,84.3087,97,Nawalpur,470
2021-05-04,27.4061,84.8377,84,Parsa,121
2021-05-05,27.1821,86.2818,83,Sindhuli,1564
2021-05-05,27.3357,86.1561,72,Sindhuli,1169
2021-05-05,28.5425,81.4941,78,Surkhet,830
2021-05-06,28.3842,83.8866,85,Kaski,1649
2021-05-07,28.5937,81.441,63,Surkhet,768
2021-05-07,27.5489,84.4189,90,Chitwan,304
2021-05-07,27.1996,85.6242,90,Sarlahi,120
2021-05-08,28.0895,84.5742,78,Gorkha,537
2021-05-08,27.3562,84.7806,57,Parsa,306
2021-05-08,26.9256,85.227,93,Bara,99
2021-05-10,27.1584,85.3387,58,Rautahat,177
2021-05-10,27.8753,82.7304,80,Dang,626
2021-05-11,28.4253,81.5497,78,Bardiya,232
2021-05-11,27.2252,86.0864,74,Sindhuli,911
2021-05-12,28.0841,83.9057,57,Syangja,1141
2021-05-13,27.4093,84.7716,85,Parsa,334
2021-05-14,27.6901,83.5983,69,Rupandehi,201
2021-05-14,28.965,80.3987,81,Kanchanpur,234
2021-05-14,27.5235,83.3168,77,Rupandehi,215
2021-05-15,28.2159,81.4744,73,Bardiya,202
2021-05-15,28.4086,81.7318,75,Surkhet,1116
2021-05-15,27.3277,84.7577,99,Parsa,302
2021-05-16,27.5904,84.2838,91,Chitwan,343
2021-05-16,27.2482,84.9858,60,Parsa,101
2021-05-16,26.9262,85.7694,91,Sarlahi,185
2021-05-16,28.5734,81.6764,81,Surkhet,737
2021-05-16,27.1081,85.8012,95,Sindhuli,715
2021-05-17,27.9697,85.0575,82,Dhading,1194
2021-05-18,27.6625,84.4316,68,Chitwan,342
2021-05-18,27.0013,85.2353,63,Rautahat,137
2021-05-18,28.9917,80.9802,72,Kailali,394
2021-05-19,27.515,84.9539,95,Makwanpur,797
2021-05-19,29.0841,80.3212,89,Kanchanpur,245
2021-05-19,26.9401,85.2955,100,Rautahat,96
2021-05-19,27.1184,85.0286,68,Bara,243
2021-05-20,28.0037,83.8705,90,Syangja,984
2021-05-21,27.0201,86.7386,56,Udayapur,781
2021-05-21,27.4903,84.8643,79,Parsa,174
2021-05-21,27.6439,84.4372,59,Chitwan,272
2021-05-21,28.3615,81.5571,86,Bardiya,180
2021-05-22,26.8635,86.4308,100,Udayapur,489
2021-05-22,27.1789,86.0111,94,Sindhuli,687
2021-05-22,27.3321,84.9958,96,Makwanpur,338
2021-05-22,27.6888,84.5796,76,Chitwan,206
2021-05-22,28.6351,80.7675,94,Kailali,438
2021-05-22,27.2555,84.622,64,Parsa,187
2021-05-25,27.5075,84.2798,55,Chitwan,243
2021-05-25,27.2272,84.9268,95,Parsa,321
2021-05-25,28.0827,82.5562,99,Dang,685
2021-05-26,27.5648,84.9451,96,Makwanpur,688
2021-05-27,27.3206,86.2364,67,Sindhuli,648
2021-05-27,28.0173,82.309,71,Dang,868
2021-05-27,27.8449,82.2327,64,Dang,884
2021-05-27,28.0379,84.5248,79,Gorkha,1015
2021-05-28,27.2035,84.9737,85,Parsa,226
2021-05-28,27.0133,85.3881,95,Rautahat,105
2021-05-28,27.1339,85.5583,91,Sarlahi,101
2021-05-28,27.4773,84.6934,64,Parsa,271
2021-05-28,26.9522,85.4305,91,Rautahat,189
2021-05-29,27.8544,84.2519,56,Tanahu,622
2021-05-29,27.2549,85.9764,86,Sindhuli,1441
2021-05-29,28.1737,81.5358,56,Bardiya,147
2021-05-29,28.1633,84.5491,98,Gorkha,1919
2021-05-29,28.0225,84.2662,65,Tanahu,698
2021-05-30,28.0721,84.7482,96,Dhading,1501
2021-05-30,27.3829,84.9969,98,Makwanpur,1255
2021-05-31,28.2614,81.2143,60,Bardiya,195
2021-05-31,27.0083,86.9762,70,Udayapur,650
2021-05-31,28.2356,83.9473,99,Kaski,1742
2021-05-31,27.1902,85.2994,85,Rautahat,164
2021-06-05,28.3053,84.0841,69,Kaski,1451
2021-06-05,27.9722,83.8234,81,Syangja,612
2021-06-09,28.9825,80.2253,90,Kanchanpur,171
2021-06-09,28.0845,84.8213,95,Dhading,1469
2021-06-12,28.1677,82.5298,90,Dang,817
2021-06-13,28.2536,84.7907,94,Gorkha,2450
2021-06-13,27.6345,84.3877,62,Nawalpur,390
2021-06-16,27.184,85.7496,76,Sarlahi,103
2021-06-17,28.8065,80.3288,72,Kanchanpur,218
2021-06-19,28.2424,84.147,59,Kaski,2181
2021-06-21,26.8368,85.7816,68,Sarlahi,158
2021-06-23,27.8271,84.3003,92,Tanahu,461
2021-06-25,27.1531,85.6512,93,Sarlahi,126
2021-06-30,27.1982,86.0897,92,Sindhuli,1470
2021-07-29,27.3659,86.1018,95,Sindhuli,1347
2021-08-20,28.3309,83.8189,84,Kaski,1294
2021-08-22,28.3079,83.8188,81,Kaski,1334
2021-08-28,28.0669,84.2524,95,Tanahu,557
2021-09-01,27.7543,83.5558,90,Rupandehi,109
2021-09-13,27.8518,82.4602,82,Dang,728
2021-11-05,27.5553,84.1812,75,Nawalpur,165
2021-11-07,27.6035,84.5974,74,Chitwan,225
2021-11-20,27.7885,84.1237,57,Nawalpur,328
2021-11-21,27.5199,83.9747,76,Nawalpur,528
2021-11-25,28.1885,83.632,88,Syangja,1330
2021-12-04,28.2044,83.8018,62,Kaski,1129
2021-12-15,27.9652,83.7681,86,Syangja,1385
2022-02-01,27.9756,84.1805,80,Tanahu,812
2022-02-01,28.0772,84.8975,90,Dhading,805
2022-02-02,28.6457,81.6444,77,Surkhet,673
2022-02-03,27.7643,84.0785,87,Nawalpur,221
2022-02-05,28.1898,82.75,99,Dang,713
2022-02-07,27.291,85.1966,65,Bara,231
2022-02-09,28.318,83.8757,64,Kaski,1052
2022-02-12,28.7279,81.1148,65,Kailali,190
2022-02-18,27.591,85.1197,92,Makwanpur,605
2022-02-22,28.1966,84.6876,57,Gorkha,2317
2022-02-24,27.7527,84.0064,73,Nawalpur,528
2022-02-26,28.0871,82.5469,72,Dang,777
2022-03-02,28.2493,81.4932,71,Bardiya,132
2022-03-02,27.1412,85.3972,58,Rautahat,175
2022-03-03,27.8678,84.2629,82,Tanahu,1186
2022-03-03,27.7328,84.7249,85,Dhading,1655
2022-03-03,27.1689,85.1412,92,Bara,109
2022-03-04,28.6504,81.8907,87,Surkhet,854
2022-03-05,27.7336,84.106,65,Nawalpur,564
2022-03-06,27.7418,83.5232,68,Rupandehi,240
2022-03-06,26.9807,85.2003,94,Rautahat,135
2022-03-07,27.511,84.1464,93,Nawalpur,466
2022-03-08,27.6489,84.2474,99,Chitwan,182
2022-03-08,27.0471,86.7522,93,Udayapur,405
2022-03-09,27.8688,85.0623,72,Dhading,762
2022-03-10,27.5288,84.19,55,Nawalpur,520
2022-03-10,28.0669,84.3391,76,Tanahu,987
2022-03-10,28.4278,81.5053,100,Bardiya,193
2022-03-10,27.4008,85.1514,76,Makwanpur,1217
2022-03-10,27.3489,85.2897,96,Makwanpur,641
2022-03-10,27.9527,84.752,78,Gorkha,2241
2022-03-11,28.9906,80.3919,72,Kanchanpur,220
2022-03-12,28.4549,81.2104,98,Bardiya,211
2022-03-13,27.3924,84.6735,96,Parsa,210
2022-03-13,28.8268,80.2499,79,Kanchanpur,212
2022-03-14,27.2531,84.8638,100,Parsa,294
2022-03-14,27.8641,85.0441,95,Dhading,1684
2022-03-14,28.7043,80.9812,73,Kailali,398
2022-03-14,28.9723,80.8691,60,Kailali,344
2022-03-14,27.6552,83.9217,58,Nawalpur,474
2022-03-16,27.5575,84.3081,100,Nawalpur,431
2022-03-16,27.6185,84.4505,71,Chitwan,233
2022-03-17,28.2299,84.016,80,Kaski,1080
2022-03-17,28.0948,84.7442,78,Dhading,577
2022-03-17,27.169,85.1857,70,Bara,168
2022-03-17,28.3406,81.3634,91,Bardiya,144
2022-03-19,28.6529,81.4226,100,Surkhet,849
2022-03-19,26.9778,85.5729,58,Sarlahi,175
2022-03-20,27.3488,84.968,99,Parsa,259
2022-03-21,28.5731,81.5065,84,Surkhet,1177
2022-03-21,26.9692,85.7269,94,Sarlahi,177
2022-03-22,28.9133,80.1561,86,Kanchanpur,207
2022-03-22,27.7372,84.9053,98,Dhading,1765
2022-03-23,26.929,85.2949,74,Rautahat,181
2022-03-23,27.4885,85.0569,65,Makwanpur,398
2022-03-23,28.5511,81.8652,63,Surkhet,1126
2022-03-23,27.7388,84.2999,94,Nawalpur,530
2022-03-24,27.9588,82.7039,70,Dang,852
2022-03-24,27.5371,84.2783,83,Nawalpur,573
2022-03-25,27.8459,82.2596,64,Dang,650
2022-03-25,28.8774,80.3766,58,Kanchanpur,239
2022-03-26,27.8075,82.4906,67,Dang,729
2022-03-26,28.6492,80.6413,55,Kailali,440
2022-03-27,27.2717,84.9424,56,Bara,135
2022-03-27,27.7606,83.5897,86,Rupandehi,190
2022-03-28,28.0482,84.2977,68,Tanahu,502
2022-03-28,27.1804,85.5975,91,Sarlahi,167
2022-03-28,27.5278,83.3765,80,Rupandehi,136
2022-03-29,28.3665,84.7088,88,Gorkha,2157
2022-03-29,26.8903,86.9554,74,Udayapur,805
2022-03-29,28.4082,81.4293,75,Surkhet,833
2022-03-30,27.1087,85.2002,56,Bara,165
2022-03-30,28.8632,80.3836,99,Kanchanpur,182
2022-03-31,27.5546,84.3382,91,Nawalpur,575
2022-04-01,27.9272,85.0606,99,Dhading,846
2022-04-01,27.9407,82.5613,75,Dang,844
2022-04-01,28.3113,84.7253,68,Gorkha,1826
2022-04-02,28.0521,84.7477,79,Dhading,1085
2022-04-02,27.1236,85.4558,91,Rautahat,188
2022-04-02,28.6748,81.7157,96,Surkhet,1127
2022-04-02,27.7125,83.5208,61,Rupandehi,138
2022-04-02,28.0362,83.9821,55,Syangja,1194
2022-04-02,28.3576,81.2341,89,Bardiya,244
2022-04-03,27.085,85.4107,81,Rautahat,176
2022-04-03,27.5482,84.1503,70,Nawalpur,477
2022-04-03,27.8405,84.9645,96,Dhading,821
2022-04-03,27.2853,86.2537,98,Sindhuli,843
2022-04-03,27.9696,83.6243,91,Syangja,619
2022-04-04,28.3256,84.6899,66,Gorkha,1896
2022-04-04,28.1817,83.747,98,Syangja,612
2022-04-04,27.9122,83.7426,86,Syangja,1309
2022-04-04,26.8764,85.2903,85,Rautahat,135
2022-04-04,28.1103,82.5717,95,Dang,829
2022-04-04,27.4757,84.7768,95,Parsa,175
2022-04-05,28.4275,81.5694,74,Bardiya,187
2022-04-05,27.6068,83.5,86,Rupandehi,242
2022-04-05,27.0104,86.4181,82,Udayapur,520
2022-04-05,29.0728,80.0032,88,Kanchanpur,177
2022-04-05,26.8531,85.5416,83,Sarlahi,156
2022-04-06,28.0055,82.6599,61,Dang,654
2022-04-07,27.6509,84.5129,68,Chitwan,380
2022-04-08,27.6888,84.0227,88,Nawalpur,488
2022-04-08,27.2955,84.8212,56,Parsa,116
2022-04-09,27.7099,83.9565,85,Nawalpur,395
2022-04-09,27.7014,83.3397,57,Rupandehi,233
2022-04-09,27.568,84.2722,88,Chitwan,156
2022-04-09,28.7038,80.8989,88,Kailali,218
2022-04-09,27.5543,84.9116,98,Makwanpur,1463
2022-04-10,27.2247,84.7975,84,Parsa,196
2022-04-10,27.0838,85.743,87,Sarlahi,80
2022-04-10,28.1629,82.4866,63,Dang,644
2022-04-10,28.3863,84.6677,99,Gorkha,2271
2022-04-11,28.9292,80.247,69,Kanchanpur,162
2022-04-11,28.0286,84.2994,64,Tanahu,1083
2022-04-11,27.8617,82.7713,58,Dang,803
2022-04-12,26.9108,85.2565,61,Bara,138
2022-04-12,28.1403,83.8944,98,Syangja,1521
2022-04-13,27.0741,85.3717,65,Rautahat,137
2022-04-13,27.8339,82.3889,65,Dang,894
2022-04-14,28.1832,82.3021,55,Dang,770
2022-04-14,28.0024,83.802,78,Syangja,685
2022-04-14,28.0909,83.9986,86,Syangja,1289
2022-04-14,27.3678,84.718,61,Parsa,195
2022-04-15,28.1476,82.2687,89,Dang,650
2022-04-15,27.9138,84.7023,65,Dhading,651
2022-04-15,27.6345,84.1181,67,Nawalpur,222
2022-04-16,27.0777,85.2228,80,Bara,183
2022-04-16,28.9298,80.398,98,Kanchanpur,177
2022-04-17,28.0106,84.5754,94,Gorkha,2294
2022-04-17,28.2838,84.8171,97,Gorkha,903
2022-04-17,29.0152,80.3507,65,Kanchanpur,232
2022-04-18,28.8371,80.0441,78,Kanchanpur,163
2022-04-18,28.16,81.2111,74,Bardiya,225
2022-04-18,27.3612,84.756,63,Parsa,279
2022-04-18,28.1287,83.8153,96,Syangja,1387
2022-04-19,28.4328,81.4051,79,Bardiya,188
2022-04-19,28.0641,84.577,93,Gorkha,705
2022-04-20,27.4405,84.7132,59,Parsa,299
2022-04-20,28.3522,81.4852,86,Bardiya,247
2022-04-20,27.1996,85.2111,87,Rautahat,127
2022-04-21,27.0679,86.592,86,Udayapur,578
2022-04-21,28.6122,81.686,100,Surkhet,1077
2022-04-22,28.725,80.7724,91,Kailali,379
2022-04-22,27.5333,83.3832,65,Rupandehi,175
2022-04-22,27.5586,84.0002,59,Nawalpur,558
2022-04-23,27.6314,83.4976,64,Rupandehi,112
2022-04-23,27.5938,84.5486,80,Chitwan,393
2022-04-23,27.6339,83.3615,94,Rupandehi,181
2022-04-24,28.8184,80.2362,78,Kanchanpur,162
2022-04-24,27.5713,84.963,77,Makwanpur,910
2022-04-25,27.0243,86.9484,71,Udayapur,426
2022-04-26,26.8139,85.7218,58,Sarlahi,175
2022-04-26,27.1759,85.9923,99,Sindhuli,1166
2022-04-26,26.9757,86.8381,97,Udayapur,213
2022-04-26,28.0668,82.2775,93,Dang,659
2022-04-26,28.6471,80.7134,73,Kailali,262
2022-04-26,28.7218,80.7847,95,Kailali,175
2022-04-26,28.4988,81.4314,56,Surkhet,975
2022-04-26,27.3594,86.1937,84,Sindhuli,1148
2022-04-27,26.8864,86.6459,68,Udayapur,304
2022-04-27,28.1165,84.6042,63,Gorkha,1126
2022-04-27,26.977,85.2114,64,Bara,157
2022-04-27,27.6785,84.5264,62,Chitwan,261
2022-04-28,28.0015,84.319,95,Tanahu,1092
2022-04-28,28.9388,80.98,75,Kailali,387
2022-04-28,28.6707,81.7694,86,Surkhet,867
2022-04-28,28.9623,80.3832,72,Kanchanpur,239
2022-04-29,28.7452,81.001,56,Kailali,396
2022-04-29,27.1549,86.0351,84,Sindhuli,596
2022-04-29,27.5906,84.5932,92,Chitwan,351
2022-04-29,27.6218,84.2017,66,Chitwan,152
2022-04-30,27.9545,85.0821,73,Dhading,563
2022-04-30,27.0599,86.8762,85,Udayapur,952
2022-05-02,26.9976,86.4232,86,Udayapur,882
2022-05-02,28.4899,81.5127,61,Bardiya,203
2022-05-03,26.9443,85.7021,80,Sarlahi,162
2022-05-03,27.7663,84.2908,67,Nawalpur,332
2022-05-04,28.1376,83.8521,99,Kaski,910
2022-05-04,28.4633,81.4391,71,Surkhet,1189
2022-05-05,26.9551,86.605,86,Udayapur,331
2022-05-06,28.1641,84.0047,76,Kaski,1237
2022-05-07,28.6569,80.9127,74,Kailali,164
2022-05-10,26.9484,86.9796,77,Udayapur,693
2022-05-10,27.5056,84.5186,70,Chitwan,298
2022-05-12,28.3043,81.3652,91,Bardiya,185
2022-05-13,28.314,81.2946,55,Bardiya,183
2022-05-13,27.512,84.5687,71,Chitwan,218
2022-05-13,27.3717,85.2673,76,Makwanpur,1443
2022-05-14,27.1631,84.9578,90,Bara,120
2022-05-15,28.052,84.9477,98,Dhading,941
2022-05-16,27.8925,84.8239,76,Dhading,1088
2022-05-17,28.1376,84.5839,96,Gorkha,2091
2022-05-18,27.7908,84.0009,59,Nawalpur,435
2022-05-19,27.703,84.1014,80,Nawalpur,401
2022-05-19,28.1084,83.9928,76,Syangja,1199
2022-05-20,27.3862,84.9238,80,Makwanpur,1495
2022-05-21,27.5538,84.5854,70,Chitwan,318
2022-05-22,27.0717,85.5458,61,Sarlahi,154
2022-05-22,27.9256,82.3788,81,Dang,619
2022-05-22,28.2834,84.5722,70,Gorkha,2340
2022-05-22,27.8393,84.2174,81,Tanahu,940
2022-05-22,27.9111,84.1772,56,Tanahu,308
2022-05-23,27.2523,86.0938,93,Sindhuli,1221
2022-05-23,27.1378,85.2702,97,Rautahat,115
2022-05-24,28.8601,80.3376,69,Kanchanpur,190
2022-05-24,27.8952,82.2734,76,Dang,842
2022-05-24,28.6495,80.5655,66,Kailali,410
2022-05-24,27.0252,85.2902,62,Rautahat,127
2022-05-25,27.9053,84.9607,92,Dhading,965
2022-05-26,27.9836,83.8854,72,Syangja,1181
2022-05-26,26.9795,85.2015,60,Rautahat,103
2022-05-27,26.8719,85.2057,70,Rautahat,174
2022-05-28,28.0003,84.685,98,Gorkha,980
2022-05-28,27.5418,84.4594,82,Chitwan,312
2022-05-28,27.7308,84.285,64,Nawalpur,400
2022-05-30,28.9848,80.1675,84,Kanchanpur,166
2022-05-31,28.2021,84.5417,83,Gorkha,600
2022-05-31,27.7831,84.1213,100,Nawalpur,496
2022-05-31,27.3876,86.2163,88,Sindhuli,1385
2022-06-01,27.8324,84.2003,95,Tanahu,747
2022-06-02,27.1532,85.2006,98,Rautahat,131
2022-06-07,27.6981,84.2903,59,Chitwan,322
2022-06-09,27.0344,85.6479,79,Sarlahi,170
2022-06-12,28.6012,81.4146,72,Surkhet,687
2022-06-12,27.959,84.5851,65,Gorkha,1446
2022-06-17,27.2569,85.9477,59,Sindhuli,457
2022-06-26,29.0793,80.1884,93,Kanchanpur,185
2022-06-30,28.6705,81.6686,61,Surkhet,1184
2022-07-02,26.9627,86.8666,56,Udayapur,632
2022-07-17,28.9207,80.7894,84,Kailali,272
2022-07-31,28.7493,81.1897,89,Kailali,384
2022-08-11,27.1995,85.4635,87,Rautahat,105
2022-09-17,28.4433,81.4636,63,Surkhet,1026
2022-09-28,28.0272,84.28,76,Tanahu,1027
2022-10-07,27.6846,84.4588,60,Chitwan,306
2022-10-13,28.3951,81.5321,56,Bardiya,189
2022-10-17,28.659,80.7161,78,Kailali,252
2022-10-28,28.654,80.6336,99,Kailali,394
2022-11-04,27.7482,83.4074,99,Rupandehi,126
2022-11-23,27.3981,84.8566,58,Parsa,325
2023-01-03,27.7097,83.3019,86,Rupandehi,125
2023-01-04,28.0235,83.7349,99,Syangja,1381
2023-01-07,27.5115,83.5971,82,Rupandehi,239
2023-01-10,28.2091,84.0178,97,Kaski,1392
2023-01-11,28.2979,83.828,88,Kaski,880
2023-01-24,28.6839,81.0631,96,Kailali,208
2023-01-25,26.8742,86.7048,65,Udayapur,730
2023-01-27,28.4091,81.5826,59,Surkhet,647
2023-01-28,27.9333,82.6289,67,Dang,658
2023-01-31,27.331,85.9338,93,Sindhuli,1526
2023-02-04,27.2009,86.0396,96,Sindhuli,1011
2023-02-05,27.1887,85.4739,69,Rautahat,109
2023-02-07,28.0632,82.3671,57,Dang,787
2023-02-09,27.9143,84.3984,80,Tanahu,1070
2023-02-11,26.9134,85.7241,99,Sarlahi,181
2023-02-12,27.994,83.8568,65,Syangja,1427
2023-02-13,28.2047,84.6734,85,Gorkha,811
2023-02-13,27.6529,84.1443,99,Nawalpur,459
2023-02-21,27.8804,84.8011,84,Dhading,1157
2023-02-24,27.6496,84.001,96,Nawalpur,319
2023-03-01,27.4201,85.313,55,Makwanpur,308
2023-03-02,28.0539,82.246,60,Dang,672
2023-03-02,28.3557,83.9185,62,Kaski,1175
2023-03-03,28.1564,84.7575,69,Gorkha,2071
2023-03-03,27.8695,82.5293,68,Dang,838
2023-03-03,27.1865,85.3311,71,Rautahat,108
2023-03-03,27.1007,85.1837,65,Bara,152
2023-03-03,27.8079,84.9543,59,Dhading,608
2023-03-04,27.5826,83.496,62,Rupandehi,155
2023-03-04,27.8516,85.0856,72,Dhading,821
2023-03-04,27.706,83.5145,86,Rupandehi,235
2023-03-05,27.3763,86.1815,89,Sindhuli,1104
2023-03-05,28.2235,81.4952,94,Bardiya,220
2023-03-05,28.4566,81.8274,64,Surkhet,977
2023-03-05,28.9684,80.5417,63,Kailali,254
2023-03-06,27.8882,82.7294,97,Dang,839
2023-03-06,27.91,84.9618,65,Dhading,1452
2023-03-07,27.8437,82.5436,64,Dang,839
2023-03-07,28.1961,83.9428,79,Syangja,1505
2023-03-07,28.6689,81.8775,89,Surkhet,889
2023-03-07,28.4016,81.6236,57,Surkhet,788
2023-03-07,27.825,84.2017,99,Tanahu,682
2023-03-07,27.9343,83.7818,85,Syangja,1145
2023-03-08,27.9081,83.6796,79,Syangja,1511
2023-03-08,28.8521,80.1609,79,Kanchanpur,181
2023-03-08,27.7932,83.3521,88,Rupandehi,235
2023-03-09,28.5019,81.6773,56,Surkhet,707
2023-03-09,28.6787,81.5633,72,Surkhet,830
2023-03-09,28.4123,81.4261,68,Surkhet,1046
2023-03-10,28.355,84.8504,82,Gorkha,831
2023-03-10,27.8763,85.0652,95,Dhading,641
2023-03-10,27.5064,85.2313,57,Makwanpur,353
2023-03-12,27.5505,83.5014,72,Rupandehi,101
2023-03-12,27.5803,85.0975,69,Makwanpur,813
2023-03-12,28.0518,82.3616,96,Dang,789
2023-03-12,28.1703,81.4913,86,Bardiya,166
2023-03-14,28.1969,83.6808,57,Syangja,1320
2023-03-14,28.0164,84.4142,59,Tanahu,730
2023-03-14,27.0512,86.4113,60,Udayapur,457
2023-03-16,27.9511,82.3661,92,Dang,702
2023-03-16,27.5467,83.3695,78,Rupandehi,208
2023-03-16,27.9984,82.4756,66,Dang,844
2023-03-17,27.7176,83.5664,93,Rupandehi,120
2023-03-19,27.0536,85.2549,93,Bara,102
2023-03-19,28.1563,83.8807,70,Kaski,2100
2023-03-20,28.4014,81.283,62,Bardiya,209
2023-03-21,27.7096,83.3131,65,Rupandehi,232
2023-03-21,27.1954,85.6331,63,Sarlahi,185
2023-03-21,27.3927,84.6996,89,Parsa,305
2023-03-21,26.9426,85.1983,96,Bara,144
2023-03-21,27.0204,85.7451,72,Sarlahi,106
2023-03-22,27.5023,83.4124,73,Rupandehi,133
2023-03-23,27.4485,85.2521,76,Makwanpur,752
2023-03-23,27.6822,83.3621,91,Rupandehi,100
2023-03-24,27.5115,84.0002,76,Nawalpur,238
2023-03-24,28.4512,81.409,73,Surkhet,660
2023-03-24,27.5872,85.2011,77,Makwanpur,559
2023-03-24,27.5986,83.3952,86,Rupandehi,249
2023-03-25,27.6714,83.5806,90,Rupandehi,156
2023-03-25,27.6961,84.5007,87,Chitwan,389
2023-03-26,27.1909,86.0882,67,Sindhuli,1561
2023-03-27,27.1843,85.8575,99,Sindhuli,716
2023-03-27,28.6975,80.8805,89,Kailali,230
2023-03-28,27.7838,84.88,78,Dhading,1225
2023-03-29,27.3685,86.026,68,Sindhuli,681
2023-03-29,28.2173,84.1294,81,Kaski,1989
2023-03-29,28.4603,81.775,67,Surkhet,1085
2023-03-29,26.8922,86.9319,98,Udayapur,927
2023-03-30,27.2308,84.7187,81,Parsa,227
2023-03-30,27.1072,86.0136,96,Sindhuli,576
2023-03-31,27.2462,85.1206,58,Bara,183
2023-03-31,27.6506,83.5771,79,Rupandehi,226
2023-03-31,28.2954,84.5668,63,Gorkha,1048
2023-04-01,27.8986,84.2416,66,Tanahu,304
2023-04-01,28.7633,80.928,58,Kailali,247
2023-04-01,28.624,80.9497,66,Kailali,331
2023-04-02,27.2578,86.2552,84,Sindhuli,1455
2023-04-02,28.465,81.4172,68,Surkhet,1005
2023-04-02,27.6152,84.0539,59,Nawalpur,594
2023-04-02,28.1038,81.3064,97,Bardiya,244
2023-04-02,27.0999,85.2733,88,Rautahat,168
2023-04-02,26.9091,86.9601,70,Udayapur,769
2023-04-03,27.8564,85.0958,81,Dhading,667
2023-04-03,28.3836,81.2546,84,Bardiya,210
2023-04-03,27.2824,85.9907,83,Sindhuli,785
2023-04-03,28.8509,80.1182,91,Kanchanpur,156
2023-04-03,27.5309,84.2421,91,Chitwan,243
2023-04-04,27.0933,85.6373,66,Sarlahi,189
2023-04-04,27.1821,85.849,69,Sindhuli,1575
2023-04-04,26.8403,85.5555,78,Sarlahi,193
2023-04-04,27.7601,84.9669,73,Dhading,892
2023-04-05,28.9479,81.1134,100,Kailali,385
2023-04-05,28.1357,81.4962,62,Bardiya,242
2023-04-05,28.8434,80.3772,86,Kanchanpur,233
2023-04-05,27.4839,84.8078,97,Parsa,295
2023-04-06,28.2458,84.1044,64,Kaski,1146
2023-04-06,28.1582,82.5627,88,Dang,653
2023-04-06,28.4596,81.871,89,Surkhet,888
2023-04-07,28.1084,81.471,62,Bardiya,175
2023-04-07,27.9805,83.7604,92,Syangja,1521
2023-04-07,27.16,85.808,55,Sindhuli,433
2023-04-07,28.6792,80.6274,83,Kailali,434
2023-04-07,29.0862,80.2308,58,Kanchanpur,150
2023-04-07,27.7229,84.1945,70,Nawalpur,422
2023-04-07,28.3555,83.8847,90,Kaski,1887
2023-04-08,27.3563,84.991,73,Parsa,262
2023-04-08,28.805,80.1441,75,Kanchanpur,154
2023-04-08,28.225,84.7374,95,Gorkha,2439
2023-04-08,28.1457,82.4282,99,Dang,757
2023-04-08,28.0888,84.8804,80,Gorkha,1986
2023-04-09,28.0194,82.3454,63,Dang,885
2023-04-09,27.6758,84.5163,100,Chitwan,263
2023-04-09,27.7498,83.504,90,Rupandehi,231
2023-04-09,28.3621,83.9806,68,Kaski,1387
2023-04-10,27.9021,83.9078,85,Syangja,850
2023-04-10,27.4035,84.7369,55,Parsa,344
2023-04-10,27.3579,85.1229,89,Makwanpur,418
2023-04-10,27.7599,84.773,88,Dhading,1466
2023-04-10,26.9179,85.2946,58,Bara,162
2023-04-11,27.2257,86.1429,99,Sindhuli,884
2023-04-12,27.1305,86.2779,94,Sindhuli,828
2023-04-12,27.9951,84.1562,91,Tanahu,411
2023-04-12,26.9703,85.4922,66,Rautahat,120
2023-04-13,28.9278,80.187,86,Kanchanpur,190
2023-04-13,27.9468,82.28,58,Dang,705
2023-04-13,28.3858,84.5662,79,Gorkha,2001
2023-04-13,28.3897,81.2549,55,Bardiya,220
2023-04-13,27.6723,84.5912,64,Chitwan,344
2023-04-13,28.9005,80.3837,70,Kanchanpur,249
2023-04-14,27.924,83.989,65,Syangja,998
2023-04-14,28.4848,81.4816,56,Bardiya,175
2023-04-15,27.5191,83.4159,76,Rupandehi,171
2023-04-15,28.2205,84.7866,79,Gorkha,2294
2023-04-15,28.2319,84.7363,55,Gorkha,713
2023-04-15,28.2641,84.1876,60,Kaski,1894
2023-04-16,27.8537,84.385,85,Tanahu,772
2023-04-16,28.4772,81.6318,79,Surkhet,872
2023-04-16,28.1855,83.8682,89,Syangja,1265
2023-04-16,27.3418,85.2798,65,Makwanpur,1370
2023-04-16,26.8434,86.5261,79,Udayapur,302
2023-04-16,27.3109,85.9176,56,Sindhuli,403
2023-04-17,27.867,82.4329,87,Dang,864
2023-04-17,27.0962,85.0252,77,Bara,234
2023-04-17,27.6345,84.2587,59,Nawalpur,559
2023-04-17,28.2203,84.1428,63,Kaski,2083
2023-04-18,28.0416,85.0035,93,Dhading,1697
2023-04-18,28.0111,82.3698,67,Dang,808
2023-04-18,26.9243,85.289,80,Bara,112
2023-04-18,27.3862,84.8575,70,Parsa,285
2023-04-18,27.2165,86.0311,84,Sindhuli,512
2023-04-19,28.0924,83.9634,92,Syangja,824
2023-04-19,28.216,81.3932,55,Bardiya,161
2023-04-20,27.918,82.5113,57,Dang,669
2023-04-20,27.3247,84.6431,90,Parsa,181
2023-04-20,27.99,84.8246,70,Dhading,1438
2023-04-20,29.0998,80.3267,97,Kanchanpur,244
2023-04-20,27.4806,84.957,58,Parsa,312
2023-04-20,27.7794,84.9826,99,Dhading,1552
2023-04-21,27.3575,85.0891,93,Makwanpur,749
2023-04-21,27.9203,83.6071,83,Syangja,1512
2023-04-21,28.2507,84.0754,100,Kaski,1182
2023-04-21,27.9821,83.8981,66,Syangja,1394
2023-04-21,27.8051,84.9889,63,Dhading,1784
2023-04-21,27.4849,85.0967,91,Makwanpur,361
2023-04-22,27.9476,83.83,67,Syangja,910
2023-04-22,26.9686,85.2836,95,Bara,181
2023-04-22,27.9943,84.7969,78,Dhading,544
2023-04-22,27.0796,86.6313,82,Udayapur,469
2023-04-22,27.0853,86.826,83,Udayapur,398
2023-04-22,27.6431,83.3383,87,Rupandehi,101
2023-04-23,27.4926,84.9492,55,Parsa,301
2023-04-23,27.0792,85.3216,55,Rautahat,153
2023-04-24,28.3676,81.4732,63,Bardiya,222
2023-04-25,28.3838,84.7634,74,Gorkha,1265
2023-04-25,27.8956,84.8982,63,Dhading,1386
2023-04-25,27.5479,84.2651,68,Chitwan,176
2023-04-25,28.1811,82.3389,98,Dang,664
2023-04-25,26.939,84.9874,81,Bara,246
2023-04-25,28.1359,81.2066,61,Bardiya,241
2023-04-26,27.8206,84.9395,61,Dhading,1778
2023-04-26,28.0576,82.4262,79,Dang,815
2023-04-26,27.8925,85.0891,95,Dhading,1282
2023-04-27,27.7865,83.5597,68,Rupandehi,119
2023-04-27,27.215,86.0747,86,Sindhuli,1046
2023-04-27,26.8794,85.7168,64,Sarlahi,149
2023-04-27,28.3797,81.4596,81,Bardiya,184
2023-04-27,28.1852,83.7402,84,Syangja,1393
2023-04-28,27.5658,84.3826,56,Nawalpur,229
2023-04-28,27.5741,84.3455,74,Chitwan,225
2023-04-29,27.251,86.1523,56,Sindhuli,415
2023-04-29,28.2373,83.8655,99,Kaski,992
2023-04-29,27.5542,83.5418,89,Rupandehi,201
2023-04-29,27.5652,83.3914,96,Rupandehi,239
2023-04-29,27.3332,85.0424,81,Makwanpur,460
2023-04-29,27.7177,83.5922,61,Rupandehi,205
2023-04-29,27.2475,84.915,98,Bara,107
2023-04-29,27.1808,85.6121,87,Sarlahi,161
2023-04-29,27.8419,84.9772,55,Dhading,1005
2023-04-30,26.8572,86.7228,100,Udayapur,310
2023-04-30,26.9938,85.7218,77,Sarlahi,175
2023-04-30,28.2723,81.279,64,Bardiya,193
2023-04-30,28.698,81.6508,93,Surkhet,1195
2023-05-03,27.6915,84.2425,76,Chitwan,334
2023-05-04,28.8043,80.3586,86,Kanchanpur,243
2023-05-05,27.1527,85.7635,64,Sarlahi,87
2023-05-05,26.9627,85.2988,76,Rautahat,90
2023-05-05,28.1832,82.5401,61,Dang,898
2023-05-06,26.9795,85.5506,88,Sarlahi,191
2023-05-07,27.8327,84.1721,80,Tanahu,397
2023-05-08,27.2031,84.9048,64,Bara,191
2023-05-08,28.4171,81.2504,55,Bardiya,171
2023-05-09,27.6898,84.3861,100,Nawalpur,296
2023-05-10,27.5359,84.2935,77,Chitwan,311
2023-05-11,28.7222,81.0165,97,Kailali,299
2023-05-11,26.8485,85.3106,87,Rautahat,170
2023-05-11,27.1629,85.2282,81,Bara,182
2023-05-11,27.7779,84.7434,93,Dhading,601
2023-05-13,27.6096,84.335,77,Chitwan,319
2023-05-13,26.9688,85.665,96,Sarlahi,111
2023-05-13,26.8751,85.5431,84,Sarlahi,131
2023-05-14,28.0168,84.2846,75,Tanahu,1012
2023-05-14,26.9168,85.4749,68,Rautahat,163
2023-05-14,28.9342,80.0525,94,Kanchanpur,179
2023-05-15,27.5551,83.5238,59,Rupandehi,183
2023-05-16,27.9505,84.823,92,Gorkha,800
2023-05-20,27.2543,84.9837,85,Bara,93
2023-05-20,28.128,83.8417,57,Kaski,1574
2023-05-20,27.8826,84.103,59,Tanahu,428
2023-05-20,28.1182,82.3997,91,Dang,667
2023-05-20,27.7131,84.7105,88,Dhading,1527
2023-05-21,28.1443,84.7076,100,Gorkha,1669
2023-05-22,28.5943,81.4105,66,Surkhet,697
2023-05-22,27.1709,85.5299,92,Sarlahi,133
2023-05-23,27.5292,83.397,58,Rupandehi,218
2023-05-23,27.8486,84.2415,77,Tanahu,690
2023-05-23,28.5658,81.4813,73,Surkhet,861
2023-05-24,27.4926,84.6796,69,Parsa,171
2023-05-25,27.317,85.9049,92,Sindhuli,680
2023-05-26,27.9152,82.7286,99,Dang,736
2023-05-26,27.8193,84.7501,100,Dhading,922
2023-05-26,26.874,85.4439,90,Rautahat,82
2023-05-26,27.0749,86.7632,100,Udayapur,946
2023-05-26,27.2154,86.0905,91,Sindhuli,906
2023-05-27,27.9507,84.2103,100,Tanahu,684
2023-05-27,28.384,81.2505,91,Bardiya,144
2023-05-28,27.7328,83.5973,60,Rupandehi,200
2023-05-28,27.1916,86.229,81,Sindhuli,1536
2023-05-28,28.512,81.4566,70,Surkhet,1148
2023-05-28,27.5162,83.953,85,Nawalpur,411
2023-05-31,28.8742,80.2518,63,Kanchanpur,178
2023-06-04,28.6778,81.448,66,Surkhet,1184
2023-06-05,27.921,83.677,64,Syangja,1234
2023-06-05,27.6395,84.4581,84,Chitwan,215
2023-06-05,27.794,83.3959,98,Rupandehi,154
2023-06-05,27.5062,83.548,96,Rupandehi,214
2023-06-06,28.657,81.7637,97,Surkhet,779
2023-06-09,26.8953,85.2117,72,Rautahat,97
2023-06-12,26.8461,85.2872,92,Rautahat,103
2023-06-12,27.3795,84.6195,67,Parsa,194
2023-06-12,28.9705,80.3951,58,Kanchanpur,227
2023-06-14,26.9408,85.2142,79,Bara,225
2023-06-24,28.2652,84.6497,81,Gorkha,1309
2023-06-25,27.5544,85.3672,58,Makwanpur,570
2023-06-26,28.2369,83.9479,65,Kaski,1321
2023-06-27,26.8026,86.5096,80,Udayapur,857
2023-07-21,27.2356,84.7587,93,Parsa,175
2023-07-22,28.0914,84.7854,56,Dhading,774
2023-08-25,28.2539,81.4262,82,Bardiya,153
2023-08-27,28.0545,83.8641,95,Syangja,603
2023-09-10,28.6492,81.4462,76,Surkhet,1140
2023-09-14,28.0974,82.5325,55,Dang,747
2023-10-03,28.0578,82.7501,92,Dang,719
2023-10-19,28.5803,81.5081,67,Surkhet,725
2023-10-23,28.6571,80.8973,95,Kailali,230
2023-10-29,27.0846,85.4675,90,Rautahat,171
2023-11-04,27.2481,84.6796,97,Parsa,219
2023-11-07,27.1519,85.1412,80,Bara,183
2023-11-11,26.9093,85.2141,64,Bara,236
2023-11-17,28.4263,81.5284,60,Surkhet,1051
2023-11-22,28.7328,80.9447,75,Kailali,415
2023-11-25,27.8717,82.6632,85,Dang,677
2023-12-01,28.626,81.7299,82,Surkhet,653
2023-12-15,28.139,83.7205,90,Syangja,1273
2023-12-20,27.4672,84.9097,68,Parsa,196
2023-12-22,27.6285,83.9911,61,Nawalpur,515
2023-12-25,28.1844,81.5167,88,Bardiya,175
2023-12-26,28.9028,80.0823,97,Kanchanpur,155
2023-12-26,27.3035,86.0091,83,Sindhuli,949
2023-12-26,27.9536,84.9808,61,Dhading,1719
2023-12-29,28.3662,84.5546,98,Gorkha,1495
2024-01-06,27.7888,84.134,72,Nawalpur,475
2024-01-17,29.0981,80.1936,89,Kanchanpur,211
2024-01-23,27.6937,83.97,72,Nawalpur,355
2024-01-28,27.1182,86.1573,71,Sindhuli,710
2024-02-01,28.4372,81.5751,69,Bardiya,142
2024-02-02,27.2951,86.0158,69,Sindhuli,764
2024-02-04,27.3311,84.9123,80,Makwanpur,906
2024-02-04,28.691,80.6221,96,Kailali,411
2024-02-05,27.3465,84.602,55,Parsa,188
2024-02-05,28.0578,84.3469,95,Tanahu,689
2024-02-07,27.2364,84.8338,100,Parsa,227
2024-02-07,29.0737,80.3067,96,Kanchanpur,205
2024-02-08,26.8843,85.3117,64,Rautahat,177
2024-02-08,27.1612,85.2897,95,Bara,149
2024-02-09,28.6184,81.592,59,Surkhet,1183
2024-02-13,27.0241,86.8448,97,Udayapur,421
2024-02-14,26.9937,85.581,95,Sarlahi,142
2024-02-14,27.0574,85.0668,80,Bara,209
2024-02-14,27.3626,85.2583,78,Makwanpur,653
2024-02-17,26.9915,85.2388,61,Rautahat,166
2024-02-18,27.2952,85.2647,80,Bara,128
2024-02-21,28.6613,81.4658,62,Surkhet,851
2024-02-23,27.2553,84.8027,75,Parsa,210
2024-02-23,27.9756,83.7246,64,Syangja,937
2024-02-25,27.1087,85.934,81,Sindhuli,658
2024-02-27,28.7113,81.0338,80,Kailali,240
2024-03-01,27.5581,84.1183,69,Nawalpur,176
2024-03-01,28.1748,81.3432,89,Bardiya,149
2024-03-01,28.6942,81.6659,98,Surkhet,830
2024-03-02,26.8428,86.8131,60,Udayapur,545
2024-03-02,27.5475,85.1508,60,Makwanpur,1174
2024-03-03,28.0911,82.7639,85,Dang,680
2024-03-03,28.6421,80.726,82,Kailali,356
2024-03-03,27.7636,84.2926,90,Nawalpur,375
2024-03-03,28.0265,82.4778,60,Dang,634
2024-03-03,28.0582,82.2828,68,Dang,656
2024-03-03,27.3787,84.7429,80,Parsa,109
2024-03-04,27.2637,84.8682,79,Parsa,217
2024-03-04,28.7588,80.8016,83,Kailali,250
2024-03-04,27.5203,83.3089,69,Rupandehi,209
2024-03-04,28.0371,82.2618,66,Dang,664
2024-03-05,27.8083,84.3236,81,Tanahu,1161
2024-03-06,27.3946,84.8928,73,Parsa,205
2024-03-06,27.6747,84.3,58,Chitwan,164
2024-03-07,27.1226,84.9783,98,Bara,163
2024-03-07,26.8421,86.5209,67,Udayapur,380
2024-03-08,28.101,83.9881,93,Syangja,626
2024-03-09,27.7925,83.5604,80,Rupandehi,177
2024-03-09,28.0422,84.45,58,Tanahu,714
2024-03-09,27.2518,85.0257,65,Bara,139
2024-03-09,28.2146,84.676,61,Gorkha,2074
2024-03-09,27.1685,86.1587,93,Sindhuli,612
2024-03-10,27.2468,84.9444,62,Bara,237
2024-03-10,28.8093,80.7028,65,Kailali,317
2024-03-10,26.9567,86.7306,96,Udayapur,497
2024-03-10,28.0099,84.3273,63,Tanahu,834
2024-03-11,27.2779,84.914,74,Parsa,127
2024-03-11,28.2613,84.6117,69,Gorkha,2046
2024-03-12,27.9966,84.4391,63,Tanahu,395
2024-03-12,27.4147,84.9895,55,Makwanpur,1197
2024-03-12,28.9829,80.0666,98,Kanchanpur,212
2024-03-13,27.375,84.9989,100,Makwanpur,1315
2024-03-13,27.6486,83.5588,57,Rupandehi,157
2024-03-13,27.3692,84.9589,82,Parsa,244
2024-03-13,27.0445,85.413,99,Rautahat,84
2024-03-15,27.7657,84.8229,96,Dhading,1630
2024-03-15,27.6621,83.9224,61,Nawalpur,255
2024-03-15,27.5382,83.3041,62,Rupandehi,177
2024-03-15,27.1319,85.4383,68,Rautahat,90
2024-03-16,27.2978,86.1676,59,Sindhuli,647
2024-03-16,28.398,81.2962,66,Bardiya,237
2024-03-16,29.086,80.1762,72,Kanchanpur,175
2024-03-16,27.785,84.3553,82,Nawalpur,433
2024-03-17,27.4043,85.044,55,Makwanpur,1015
2024-03-17,27.129,85.2581,69,Rautahat,93
2024-03-18,27.2685,85.9928,88,Sindhuli,1122
2024-03-18,29.0413,80.0557,71,Kanchanpur,226
2024-03-18,27.1627,85.736,78,Sarlahi,149
2024-03-18,26.9591,85.6973,59,Sarlahi,158
2024-03-19,27.5029,84.5321,64,Chitwan,301
2024-03-19,27.5665,84.4688,100,Chitwan,374
2024-03-20,28.2214,84.1931,89,Kaski,1948
2024-03-20,26.9765,86.5103,58,Udayapur,972
2024-03-20,28.2669,83.9963,89,Kaski,1128
2024-03-21,27.6847,84.3285,79,Chitwan,324
2024-03-21,27.9454,83.9255,73,Syangja,1333
2024-03-21,27.9109,84.3253,76,Tanahu,878
2024-03-21,27.975,83.9948,58,Syangja,1186
2024-03-22,26.9907,85.5916,70,Sarlahi,188
2024-03-22,27.5865,84.3847,98,Nawalpur,374
2024-03-22,27.6402,83.5978,55,Rupandehi,135
2024-03-23,27.6105,84.2209,99,Chitwan,341
2024-03-23,28.0389,83.9745,63,Syangja,1527
2024-03-23,27.4849,84.8341,91,Parsa,138
2024-03-23,27.5442,84.3483,73,Chitwan,240
2024-03-24,26.8235,86.9384,88,Udayapur,873
2024-03-24,27.123,85.2115,100,Rautahat,83
2024-03-24,27.2871,85.1526,77,Bara,175
2024-03-24,28.4215,81.5352,65,Bardiya,234
2024-03-24,28.5703,81.5524,98,Surkhet,1027
2024-03-25,28.8047,80.8078,75,Kailali,349
2024-03-26,27.9729,84.8741,67,Dhading,1557
2024-03-26,27.0023,85.4744,93,Rautahat,158
2024-03-26,27.6267,83.3164,95,Rupandehi,163
2024-03-26,28.0445,84.7446,96,Dhading,1652
2024-03-27,28.6668,81.879,81,Surkhet,751
2024-03-28,28.1388,81.2873,91,Bardiya,249
2024-03-28,28.6586,80.7046,95,Kailali,265
2024-03-28,28.4986,81.6416,96,Surkhet,770
2024-03-29,27.0149,86.9624,97,Udayapur,845
2024-03-29,28.1803,83.7906,70,Syangja,1359
2024-03-29,28.8934,81.0066,87,Kailali,326
2024-03-29,27.3683,85.1928,84,Makwanpur,997
2024-03-30,27.1597,85.3348,88,Rautahat,194
2024-03-30,27.7919,85.0311,89,Dhading,1782
2024-03-30,28.9774,80.2467,57,Kanchanpur,249
2024-03-30,27.5738,85.2342,100,Makwanpur,1297
2024-03-31,27.4422,84.8213,98,Parsa,338
2024-03-31,26.9854,85.3718,88,Rautahat,148
2024-03-31,27.2718,85.8833,95,Sindhuli,647
2024-04-01,27.2511,84.9214,63,Bara,223
2024-04-01,28.0491,84.5472,93,Gorkha,961
2024-04-01,28.3478,83.9798,66,Kaski,2093
2024-04-01,28.8439,80.8524,91,Kailali,174
2024-04-02,27.7664,84.0955,72,Nawalpur,337
2024-04-02,27.5033,83.3908,97,Rupandehi,196
2024-04-02,26.8257,86.475,76,Udayapur,634
2024-04-02,28.3104,83.8797,84,Kaski,931
2024-04-02,27.1758,85.9866,98,Sindhuli,805
2024-04-02,27.9305,84.2859,86,Tanahu,335
2024-04-02,28.0067,84.1976,88,Tanahu,1043
2024-04-02,28.0972,82.64,63,Dang,875
2024-04-03,27.6258,84.4373,100,Chitwan,156
2024-04-03,27.3464,85.9449,79,Sindhuli,1393
2024-04-03,28.5521,81.5381,87,Surkhet,978
2024-04-03,27.8382,82.3016,86,Dang,859
2024-04-03,28.1774,84.7959,61,Gorkha,1966
2024-04-03,27.6549,84.3703,97,Nawalpur,331
2024-04-03,27.5067,83.5851,96,Rupandehi,138
2024-04-04,27.1167,85.6139,63,Sarlahi,163
2024-04-04,27.9696,84.9664,73,Dhading,1287
2024-04-04,27.0292,85.1255,57,Bara,191
2024-04-04,26.8996,85.2826,74,Rautahat,147
2024-04-05,28.9206,80.8072,59,Kailali,337
2024-04-05,28.0846,84.6167,98,Gorkha,1130
2024-04-05,27.2014,84.9447,81,Bara,108
2024-04-06,28.0761,84.512,75,Gorkha,859
2024-04-06,27.5304,83.5202,72,Rupandehi,231
2024-04-06,27.3903,84.9428,95,Makwanpur,979
2024-04-06,27.6187,84.3479,79,Chitwan,312
2024-04-06,27.5242,85.2691,79,Makwanpur,672
2024-04-06,27.6047,84.2209,95,Nawalpur,352
2024-04-06,27.4911,84.7237,77,Parsa,291
2024-04-06,27.8003,84.159,74,Tanahu,1094
2024-04-06,28.5463,81.5596,85,Surkhet,1184
2024-04-07,28.1263,84.6062,60,Gorkha,2353
2024-04-07,27.1458,85.3022,96,Rautahat,161
2024-04-07,28.4082,81.8513,89,Surkhet,1175
2024-04-07,27.6874,84.1016,89,Nawalpur,264
2024-04-07,27.6486,84.5534,90,Chitwan,313
2024-04-08,27.556,84.2263,67,Nawalpur,249
2024-04-08,28.6865,80.7554,56,Kailali,419
2024-04-08,27.3877,85.9098,57,Sindhuli,463
2024-04-08,27.3344,84.9,62,Makwanpur,1024
2024-04-08,28.3404,84.1643,68,Kaski,1264
2024-04-08,27.0858,85.3357,56,Rautahat,149
2024-04-08,28.7099,80.8237,95,Kailali,387
2024-04-09,27.8438,84.9977,79,Dhading,751
2024-04-09,29.0272,80.3814,68,Kanchanpur,154
2024-04-09,27.5492,84.4345,69,Chitwan,368
2024-04-09,28.8785,80.127,83,Kanchanpur,189
2024-04-09,28.2425,84.8211,78,Gorkha,2403
2024-04-09,27.0134,86.8879,86,Udayapur,648
2024-04-09,27.329,86.2504,81,Sindhuli,1008
2024-04-09,27.4091,84.9164,76,Makwanpur,1051
2024-04-10,27.1512,86.1708,85,Sindhuli,1056
2024-04-10,27.4485,85.2676,69,Makwanpur,728
2024-04-10,27.6856,84.3098,82,Chitwan,355
2024-04-10,28.1963,81.3573,100,Bardiya,222
2024-04-11,27.5637,84.2044,84,Chitwan,232
2024-04-11,27.7347,83.5502,88,Rupandehi,114
2024-04-11,28.4874,81.5215,69,Bardiya,219
2024-04-12,27.9472,84.2403,97,Tanahu,791
2024-04-12,28.598,81.6662,57,Surkhet,996
2024-04-12,28.3772,81.378,81,Bardiya,244
2024-04-12,27.3625,86.134,95,Sindhuli,988
2024-04-12,28.8742,80.1699,75,Kanchanpur,167
2024-04-12,28.3459,84.0921,80,Kaski,1394
2024-04-12,27.1928,85.9122,62,Sindhuli,733
2024-04-13,27.7124,84.226,86,Nawalpur,360
2024-04-13,28.0129,82.3653,99,Dang,864
2024-04-13,27.782,84.0894,97,Nawalpur,412
2024-04-13,27.5604,84.3836,96,Chitwan,174
2024-04-13,28.286,81.2331,61,Bardiya,212
2024-04-14,27.8667,82.3993,55,Dang,736
2024-04-14,28.3674,84.785,82,Gorkha,1436
2024-04-14,27.2805,84.8913,57,Parsa,184
2024-04-14,27.6538,83.5176,95,Rupandehi,150
2024-04-14,28.2112,83.9225,75,Kaski,1817
2024-04-15,26.9924,85.229,73,Rautahat,93
2024-04-15,26.8094,86.3807,66,Udayapur,726
2024-04-15,28.9507,80.213,80,Kanchanpur,172
2024-04-15,27.3968,85.0465,68,Makwanpur,1373
2024-04-15,27.3387,85.905,96,Sindhuli,516
2024-04-15,27.5977,83.468,68,Rupandehi,129
2024-04-16,28.1803,82.7143,55,Dang,824
2024-04-16,28.0637,83.7252,75,Syangja,1252
2024-04-16,27.1419,85.2867,94,Bara,205
2024-04-16,28.0428,84.2826,82,Tanahu,818
2024-04-16,27.5322,84.2515,98,Chitwan,276
2024-04-16,27.2957,84.8536,62,Parsa,149
2024-04-16,27.1022,85.7977,81,Sarlahi,110
2024-04-17,27.6502,84.3305,100,Nawalpur,244
2024-04-17,28.013,83.7887,91,Syangja,1258
2024-04-17,28.4698,81.4666,68,Bardiya,146
2024-04-17,27.8388,85.0244,68,Dhading,1535
2024-04-17,27.9104,83.9834,65,Syangja,1021
2024-04-18,28.0861,85.0175,74,Dhading,1242
2024-04-18,27.9764,84.3539,79,Tanahu,595
2024-04-19,28.2856,81.5254,73,Bardiya,147
2024-04-19,28.1821,82.7752,91,Dang,897
2024-04-19,28.6938,81.5297,60,Surkhet,863
2024-04-19,28.1029,84.7474,77,Gorkha,840
2024-04-19,27.33,85.1947,74,Makwanpur,1017
2024-04-20,28.0531,84.8695,75,Dhading,1471
2024-04-20,28.0496,83.9961,62,Syangja,1021
2024-04-20,28.0296,84.7791,92,Gorkha,1677
2024-04-20,27.1054,85.9623,73,Sindhuli,476
2024-04-21,27.7311,83.4978,64,Rupandehi,141
2024-04-21,26.9104,85.6822,61,Sarlahi,142
2024-04-21,28.5302,81.6643,60,Surkhet,1074
2024-04-21,28.1992,83.8529,85,Syangja,1090
2024-04-21,26.9069,85.288,83,Rautahat,130
2024-04-21,27.97,84.1992,66,Tanahu,530
2024-04-22,28.7277,80.6036,81,Kailali,325
2024-04-22,28.4572,81.5681,66,Bardiya,201
2024-04-22,27.7114,83.5321,86,Rupandehi,172
2024-04-22,27.9632,83.8791,71,Syangja,1272
2024-04-22,27.4255,85.1996,78,Makwanpur,683
2024-04-22,28.1042,82.6038,83,Dang,628
2024-04-23,27.2978,85.8708,70,Sindhuli,997
2024-04-23,27.8698,82.2908,91,Dang,796
2024-04-23,27.6214,84.2134,85,Chitwan,218
2024-04-23,27.5622,84.4242,84,Chitwan,179
2024-04-23,27.5015,83.9797,90,Nawalpur,194
2024-04-23,27.5211,83.4251,100,Rupandehi,139
2024-04-23,28.3435,84.1313,57,Kaski,1815
2024-04-24,27.6547,84.5245,79,Chitwan,283
2024-04-24,27.1986,86.1995,69,Sindhuli,1572
2024-04-24,27.5583,83.4817,75,Rupandehi,146
2024-04-24,28.1156,81.3697,88,Bardiya,150
2024-04-24,27.2943,84.9432,67,Parsa,169
2024-04-24,27.5686,84.3279,64,Chitwan,355
2024-04-24,27.475,84.9742,78,Makwanpur,314
2024-04-25,27.053,85.1969,84,Bara,102
2024-04-25,27.078,86.435,56,Udayapur,223
2024-04-25,26.996,86.3226,67,Udayapur,537
2024-04-25,27.2481,86.2028,94,Sindhuli,1076
2024-04-25,27.9634,82.503,86,Dang,644
2024-04-25,27.57,85.3382,62,Makwanpur,318
2024-04-25,28.6301,81.8922,90,Surkhet,1187
2024-04-26,28.4836,81.3972,80,Bardiya,210
2024-04-26,27.2239,86.1763,89,Sindhuli,1369
2024-04-26,27.7286,84.8706,56,Dhading,868
2024-04-26,27.5072,84.208,61,Chitwan,385
2024-04-26,27.9992,84.889,63,Gorkha,2003
2024-04-26,28.1258,83.9028,99,Syangja,942
2024-04-26,28.583,81.4786,85,Surkhet,1174
2024-04-27,27.9677,83.7055,60,Syangja,896
2024-04-27,28.115,81.5,78,Bardiya,182
2024-04-27,28.7609,80.8899,62,Kailali,363
2024-04-27,27.2817,84.6495,96,Parsa,296
2024-04-27,26.9826,86.7821,95,Udayapur,527
2024-04-27,28.9152,80.072,74,Kanchanpur,165
2024-04-28,28.9774,80.0946,56,Kanchanpur,152
2024-04-28,28.8062,80.3897,65,Kanchanpur,238
2024-04-28,28.2334,81.239,85,Bardiya,164
2024-04-28,27.8052,84.1035,77,Tanahu,333
2024-04-28,28.9188,80.9111,76,Kailali,379
2024-04-28,27.3573,86.0183,64,Sindhuli,1268
2024-04-28,28.0571,84.6497,86,Gorkha,2230
2024-04-29,28.1799,83.6995,79,Syangja,1278
2024-04-29,26.9673,85.2028,73,Rautahat,94
2024-04-29,27.7608,83.9039,76,Nawalpur,339
2024-04-29,28.8828,80.1478,62,Kanchanpur,242
2024-04-30,28.2198,83.8227,62,Kaski,1776
2024-04-30,28.2289,83.8889,72,Kaski,1368
2024-04-30,28.0312,84.2384,94,Tanahu,681
2024-04-30,27.6087,84.1507,93,Nawalpur,150
2024-04-30,28.1856,83.9787,79,Syangja,1381
2024-05-01,27.0846,85.341,57,Rautahat,92
2024-05-01,27.0746,85.5757,73,Sarlahi,120
2024-05-02,28.7613,81.0866,91,Kailali,307
2024-05-02,28.6573,80.8328,59,Kailali,150
2024-05-02,27.0588,85.6603,85,Sarlahi,82
2024-05-03,27.0443,85.5388,56,Sarlahi,144
2024-05-04,28.103,83.8715,93,Kaski,1594
2024-05-04,27.5736,84.0076,64,Nawalpur,317
2024-05-04,28.1199,82.2094,73,Dang,612
2024-05-04,27.9306,82.223,95,Dang,782
2024-05-06,27.5062,85.0876,83,Makwanpur,676
2024-05-07,28.4953,81.7133,65,Surkhet,612
2024-05-08,27.6606,84.3926,80,Nawalpur,527
2024-05-08,27.9127,83.7132,95,Syangja,624
2024-05-09,27.995,84.2815,86,Tanahu,402
2024-05-10,28.8626,80.2362,75,Kanchanpur,202
2024-05-10,28.0978,83.8081,67,Syangja,916
2024-05-11,27.9837,84.5586,74,Gorkha,687
2024-05-11,27.7341,84.0463,88,Nawalpur,444
2024-05-11,29.0677,80.0153,100,Kanchanpur,160
2024-05-12,28.697,81.4662,79,Surkhet,1120
2024-05-12,26.9875,85.5469,90,Sarlahi,122
2024-05-12,26.8378,85.418,82,Rautahat,155
2024-05-13,27.1319,85.4289,98,Rautahat,158
2024-05-14,27.9196,84.7579,61,Gorkha,638
2024-05-14,27.0586,86.3536,100,Udayapur,603
2024-05-14,27.3083,85.8244,68,Sindhuli,1088
2024-05-15,27.6288,83.4701,95,Rupandehi,156
2024-05-15,27.5249,84.4274,71,Chitwan,230
2024-05-16,28.1824,84.1015,90,Kaski,1360
2024-05-16,27.6188,84.5878,86,Chitwan,295
2024-05-17,28.1181,81.207,73,Bardiya,211
2024-05-18,26.8871,85.2176,72,Rautahat,192
2024-05-19,27.108,85.0373,82,Bara,184
2024-05-19,28.1814,81.524,78,Bardiya,237
2024-05-19,27.682,84.5018,71,Chitwan,234
2024-05-20,28.7204,80.7176,55,Kailali,446
2024-05-20,26.9097,85.5806,96,Sarlahi,110
2024-05-20,27.0936,85.3617,88,Rautahat,94
2024-05-21,27.9721,84.7962,69,Gorkha,1490
2024-05-21,27.6381,84.3386,74,Nawalpur,574
2024-05-22,28.3044,81.2948,78,Bardiya,169
2024-05-22,28.6035,81.5363,56,Surkhet,844
2024-05-23,28.3436,81.5232,87,Bardiya,191
2024-05-24,29.0845,80.283,87,Kanchanpur,175
2024-05-24,28.0378,83.9651,88,Syangja,1506
2024-05-26,27.5272,85.0705,82,Makwanpur,1295
2024-05-26,27.1395,85.2486,68,Bara,125
2024-05-27,26.9939,85.0395,66,Bara,170
2024-05-28,27.8041,84.2411,88,Tanahu,939
2024-05-28,27.4711,85.1369,94,Makwanpur,722
2024-05-28,28.3232,81.3742,56,Bardiya,171
2024-05-28,27.1688,85.0295,80,Bara,112
2024-05-29,28.255,81.3273,80,Bardiya,242
2024-05-30,26.8823,86.3401,56,Udayapur,657
2024-05-31,26.8188,85.5895,86,Sarlahi,198
2024-05-31,27.0603,84.9114,74,Bara,167
2024-06-01,26.8125,85.6105,64,Sarlahi,114
2024-06-02,27.2418,84.8188,97,Parsa,283
2024-06-07,27.0684,86.3649,78,Udayapur,595
2024-06-07,28.196,84.0122,74,Kaski,944
2024-06-10,27.6005,84.1041,85,Nawalpur,443
2024-06-11,28.141,84.6936,97,Gorkha,1259
2024-06-17,28.6904,81.4374,88,Surkhet,945
2024-06-17,27.9974,84.7345,78,Gorkha,1156
2024-06-19,27.5977,84.529,73,Chitwan,242
2024-06-19,26.8321,86.4702,85,Udayapur,460
2024-06-20,27.3504,85.2917,60,Makwanpur,1486
2024-06-21,27.5524,85.2306,57,Makwanpur,1353
2024-06-23,27.9928,84.9084,73,Dhading,1580
2024-06-27,28.0119,84.8078,85,Dhading,1712
2024-06-29,27.3038,84.6283,94,Parsa,204
2024-06-30,28.5373,81.7615,85,Surkhet,743
2024-07-16,28.3335,81.5066,68,Bardiya,167
2024-07-16,27.0014,85.2162,100,Rautahat,188
2024-07-25,27.0026,85.3147,80,Rautahat,199
2024-07-31,28.0585,84.5313,68,Gorkha,1710
2024-08-03,27.5302,83.5386,86,Rupandehi,162
2024-10-02,27.1847,85.454,60,Rautahat,144
2024-10-04,27.9506,84.4124,89,Tanahu,940
2024-10-17,27.3051,86.0218,66,Sindhuli,690
2024-11-11,28.3087,81.2962,86,Bardiya,187
2024-11-12,27.9198,84.7462,94,Dhading,653
2024-12-01,27.9029,83.7665,59,Syangja,750
2024-12-01,27.034,85.6873,81,Sarlahi,147
2024-12-05,28.1131,83.9399,70,Kaski,1717
2024-12-24,28.2778,81.3729,63,Bardiya,161
2024-12-25,28.0317,83.9541,71,Syangja,888
2024-12-28,27.8028,82.2194,88,Dang,803
2024-12-30,27.5172,85.3061,89,Makwanpur,1279
2025-01-01,27.8616,82.6809,59,Dang,833
2025-01-02,27.1607,85.9502,80,Sindhuli,1295
2025-01-13,28.0799,84.6021,84,Gorkha,723
2025-01-13,27.2392,84.9913,91,Parsa,256
2025-02-01,28.0465,82.7306,94,Dang,855
2025-02-01,27.5909,83.3628,67,Rupandehi,195
2025-02-04,28.1294,82.7284,89,Dang,897
2025-02-05,27.0375,85.0359,78,Bara,94
2025-02-08,26.8097,85.3929,85,Rautahat,163
2025-02-09,27.013,86.8032,72,Udayapur,362
2025-02-09,27.9101,83.7745,59,Syangja,1302
2025-02-10,27.914,84.235,85,Tanahu,843
2025-02-12,28.0289,84.8517,90,Gorkha,621
2025-02-13,27.0766,86.5451,96,Udayapur,360
2025-02-13,28.1455,84.741,72,Gorkha,2281
2025-02-15,28.1363,83.8743,59,Kaski,1886
2025-02-17,28.443,81.8821,98,Surkhet,634
2025-02-18,28.5522,81.8072,94,Surkhet,867
2025-02-19,27.3704,85.124,96,Makwanpur,302
2025-02-23,27.4037,84.9908,77,Parsa,224
2025-02-25,27.77,84.7053,97,Dhading,1666
2025-02-25,28.8957,80.7691,79,Kailali,334
2025-02-26,28.8074,80.5982,57,Kailali,290
2025-02-26,28.4866,81.5252,55,Bardiya,248
2025-02-27,28.1977,83.9083,99,Syangja,1370
2025-03-01,27.0189,86.9281,70,Udayapur,236
2025-03-02,27.3928,86.1319,83,Sindhuli,575
2025-03-02,28.1257,82.4691,71,Dang,634
2025-03-02,27.92,83.916,81,Syangja,785
2025-03-03,26.9785,84.9877,64,Bara,102
2025-03-03,28.9772,81.0034,86,Kailali,315
2025-03-04,28.0644,84.7668,77,Gorkha,1002
2025-03-04,27.5854,83.3859,71,Rupandehi,228
2025-03-05,28.5016,81.5553,94,Surkhet,971
2025-03-05,27.3141,86.2042,62,Sindhuli,1537
2025-03-06,27.9198,84.1823,62,Tanahu,642
2025-03-06,28.3869,81.3129,70,Bardiya,203
2025-03-06,27.6499,84.2817,67,Nawalpur,291
2025-03-06,26.9757,86.7888,83,Udayapur,592
2025-03-06,27.6424,84.1536,63,Nawalpur,259
2025-03-06,28.1985,81.3626,94,Bardiya,159
2025-03-07,27.246,84.9245,55,Bara,111
2025-03-07,27.3065,85.0961,90,Makwanpur,664
2025-03-08,28.235,81.4497,82,Bardiya,163
2025-03-10,27.7264,84.3797,62,Nawalpur,295
2025-03-10,27.1736,85.9129,68,Sindhuli,1177
2025-03-10,27.7415,83.4144,76,Rupandehi,171
2025-03-10,28.975,80.3313,100,Kanchanpur,197
2025-03-10,27.8447,84.1567,66,Tanahu,692
2025-03-11,27.1809,85.1087,96,Bara,208
2025-03-11,27.2077,85.1565,67,Bara,177
2025-03-11,27.2784,84.9868,85,Bara,82
2025-03-11,28.0404,82.6194,80,Dang,713
2025-03-12,28.1092,81.2514,70,Bardiya,221
2025-03-13,27.5532,84.1152,60,Nawalpur,263
2025-03-13,27.9645,84.4056,96,Tanahu,667
2025-03-13,27.5714,85.09,98,Makwanpur,343
2025-03-14,27.3104,84.8583,78,Parsa,342
2025-03-15,29.0872,80.1445,68,Kanchanpur,227
2025-03-16,28.3566,84.7898,68,Gorkha,743
2025-03-16,28.7278,80.6706,68,Kailali,294
2025-03-18,26.961,85.2092,66,Bara,115
2025-03-18,28.8698,80.3194,81,Kanchanpur,200
2025-03-18,27.2819,84.998,97,Parsa,264
2025-03-18,27.5832,84.0404,76,Nawalpur,442
2025-03-20,27.2382,85.9665,100,Sindhuli,1213
2025-03-20,28.0393,83.766,83,Syangja,1498
2025-03-20,28.2501,84.7242,89,Gorkha,2013
2025-03-20,27.6107,84.3267,79,Chitwan,204
2025-03-21,26.92,85.6181,97,Sarlahi,97
2025-03-21,27.8753,82.7092,69,Dang,826
2025-03-22,28.9787,80.8539,95,Kailali,217
2025-03-22,27.5125,85.1477,85,Makwanpur,1147
2025-03-22,27.0607,85.087,73,Bara,139
2025-03-22,27.1109,85.4564,81,Rautahat,105
2025-03-22,27.5305,85.3453,99,Makwanpur,467
2025-03-23,28.0404,83.6544,55,Syangja,1538
2025-03-23,27.2644,86.1338,86,Sindhuli,728
2025-03-24,27.028,86.3922,97,Udayapur,537
2025-03-25,27.9728,83.798,97,Syangja,1191
2025-03-25,26.8432,86.6794,99,Udayapur,978
2025-03-25,27.7206,84.1653,98,Nawalpur,444
2025-03-25,28.2905,81.3548,66,Bardiya,144
2025-03-26,27.2123,84.6281,89,Parsa,126
2025-03-26,28.4865,81.6351,65,Surkhet,853
2025-03-27,27.9913,84.828,87,Gorkha,2271
2025-03-27,28.3675,81.2262,64,Bardiya,159
2025-03-27,28.8073,80.525,62,Kailali,293
2025-03-27,27.315,84.9397,88,Makwanpur,684
2025-03-28,26.9813,85.5489,56,Sarlahi,95
2025-03-29,28.4524,81.6593,97,Surkhet,690
2025-03-29,26.9228,86.3072,79,Udayapur,858
2025-03-29,27.8387,84.3758,62,Tanahu,363
2025-03-29,27.548,83.3605,76,Rupandehi,191
2025-03-29,27.2271,85.0444,95,Bara,89
2025-03-30,27.5432,84.2723,76,Chitwan,307
2025-03-30,29.0358,80.0423,100,Kanchanpur,162
2025-03-30,27.5595,84.214,64,Chitwan,180
2025-03-30,27.5538,85.3896,69,Makwanpur,737
2025-03-30,26.8497,85.3388,66,Rautahat,171
2025-03-31,27.8564,84.7773,59,Dhading,1584
2025-03-31,28.8864,80.873,79,Kailali,269
2025-04-01,26.9479,84.9898,91,Bara,186
2025-04-01,26.8272,85.26,69,Rautahat,84
2025-04-01,28.4724,81.6606,59,Surkhet,898
2025-04-01,28.4703,81.4747,97,Bardiya,154
2025-04-01,26.8615,86.7713,88,Udayapur,549
2025-04-01,28.4737,81.4044,72,Surkhet,1113
2025-04-02,27.9301,84.8959,91,Gorkha,1246
2025-04-02,28.284,84.1883,69,Kaski,1253
2025-04-02,27.545,85.1441,95,Makwanpur,1020
2025-04-02,28.539,81.7486,89,Surkhet,832
2025-04-03,27.0851,85.2379,83,Rautahat,121
2025-04-03,27.4688,84.7907,59,Parsa,276
2025-04-03,27.5627,84.5523,64,Chitwan,246
2025-04-03,28.1019,82.7834,81,Dang,701
2025-04-03,27.8584,82.2762,59,Dang,752
2025-04-04,27.368,85.3928,76,Makwanpur,1059
2025-04-04,28.2284,84.6571,81,Gorkha,1654
2025-04-04,27.9899,82.5262,100,Dang,624
2025-04-05,27.3328,85.8993,88,Sindhuli,1293
2025-04-05,26.807,85.4161,75,Rautahat,166
2025-04-05,27.7105,84.1908,65,Nawalpur,315
2025-04-05,26.9093,85.2068,59,Rautahat,147
2025-04-06,28.9654,80.5325,93,Kailali,263
2025-04-06,27.7561,84.8924,70,Dhading,708
2025-04-06,27.3145,84.9564,84,Parsa,128
2025-04-06,28.4657,81.2362,94,Bardiya,178
2025-04-06,26.821,85.4476,87,Rautahat,184
2025-04-06,28.0854,84.7797,61,Gorkha,2321
2025-04-06,28.7817,81.1156,73,Kailali,217
2025-04-06,28.184,83.7554,80,Syangja,927
2025-04-06,27.7179,84.1704,95,Nawalpur,294
2025-04-06,27.7138,84.1765,84,Nawalpur,242
2025-04-07,28.3231,84.5351,94,Gorkha,2344
2025-04-07,28.0452,83.7376,91,Syangja,1228
2025-04-07,27.353,86.1756,94,Sindhuli,582
2025-04-07,27.6391,83.4013,63,Rupandehi,199
2025-04-07,28.7881,80.88,94,Kailali,285
2025-04-07,27.5873,85.1988,58,Makwanpur,444
2025-04-07,26.8628,85.3332,72,Rautahat,117
2025-04-08,27.5374,85.0381,58,Makwanpur,471
2025-04-08,26.9659,85.1508,95,Bara,150
2025-04-08,27.9006,82.3609,73,Dang,681
2025-04-09,29.0785,80.2633,65,Kanchanpur,170
2025-04-09,27.8794,82.2543,97,Dang,779
2025-04-09,27.9048,83.9564,65,Syangja,1017
2025-04-09,28.0282,82.5988,89,Dang,733
2025-04-09,27.0797,86.6214,71,Udayapur,473
2025-04-09,28.4277,81.7477,60,Surkhet,630
2025-04-10,28.2573,84.1087,69,Kaski,1637
2025-04-10,27.6849,84.2699,69,Nawalpur,526
2025-04-10,28.9945,80.6506,89,Kailali,285
2025-04-10,28.1674,81.5854,55,Bardiya,193
2025-04-10,27.9962,82.4947,85,Dang,696
2025-04-10,27.7997,83.5646,56,Rupandehi,155
2025-04-10,27.306,84.6424,100,Parsa,338
2025-04-10,28.6941,81.1603,81,Kailali,391
2025-04-10,28.294,84.5451,92,Gorkha,1831
2025-04-10,29.078,80.1297,67,Kanchanpur,173
2025-04-11,28.91,80.205,82,Kanchanpur,249
2025-04-11,27.9585,84.8582,57,Dhading,924
2025-04-11,28.2688,81.343,99,Bardiya,178
2025-04-12,27.724,83.512,71,Rupandehi,247
2025-04-12,29.0218,80.2137,74,Kanchanpur,154
2025-04-12,27.5553,83.5288,70,Rupandehi,220
2025-04-12,28.2092,84.0392,85,Kaski,1438
2025-04-13,28.7792,80.6386,82,Kailali,433
2025-04-13,27.6391,83.5697,64,Rupandehi,167
2025-04-13,27.7315,84.886,64,Dhading,1682
2025-04-13,28.9468,80.1302,78,Kanchanpur,233
2025-04-14,27.972,84.3091,95,Tanahu,1146
2025-04-14,26.9709,86.9631,100,Udayapur,782
2025-04-14,27.5058,83.5297,97,Rupandehi,173
2025-04-14,27.7082,84.9101,95,Dhading,1401
2025-04-15,27.8369,84.4792,68,Tanahu,322
2025-04-15,27.1284,85.2672,58,Rautahat,112
2025-04-15,27.5624,84.1029,84,Nawalpur,547
2025-04-15,27.4013,85.345,88,Makwanpur,1091
2025-04-15,27.3195,85.239,86,Makwanpur,335
2025-04-15,27.6338,83.3697,81,Rupandehi,227
2025-04-15,28.1882,83.8746,96,Syangja,1163
2025-04-15,27.5778,84.3381,86,Chitwan,245
2025-04-16,28.0277,82.6363,77,Dang,695
2025-04-16,28.0409,84.7899,63,Gorkha,2114
2025-04-16,27.3124,86.1047,70,Sindhuli,1375
2025-04-16,27.2026,84.9158,100,Bara,166
2025-04-16,27.1523,85.7847,56,Sarlahi,162
2025-04-16,27.5132,83.3548,98,Rupandehi,151
2025-04-17,27.9864,84.3184,72,Tanahu,406
2025-04-17,27.433,85.2361,55,Makwanpur,1212
2025-04-17,26.8029,85.3883,72,Rautahat,154
2025-04-17,28.8374,80.9727,87,Kailali,158
2025-04-18,27.5623,84.3878,63,Chitwan,375
2025-04-18,27.3894,86.2288,83,Sindhuli,979
2025-04-18,27.3387,86.0895,87,Sindhuli,515
2025-04-18,28.0773,83.6259,56,Syangja,1595
2025-04-18,27.8076,84.2762,93,Tanahu,1059
2025-04-18,28.4209,81.2639,65,Bardiya,235
2025-04-18,28.0202,83.6249,80,Syangja,1016
2025-04-18,27.303,84.9673,64,Parsa,345
2025-04-19,28.8539,81.0848,80,Kailali,221
2025-04-19,28.4229,81.3247,77,Bardiya,164
2025-04-19,28.9902,80.3607,72,Kanchanpur,197
2025-04-19,27.6125,83.3911,85,Rupandehi,192
2025-04-19,28.1584,83.7535,61,Syangja,1139
2025-04-20,27.9834,84.5635,95,Gorkha,1860
2025-04-20,28.147,81.5056,98,Bardiya,173
2025-04-20,27.3137,85.8365,68,Sindhuli,644
2025-04-20,27.2115,86.2189,64,Sindhuli,453
2025-04-20,27.1838,85.8016,82,Sindhuli,1205
2025-04-21,28.3365,84.6308,73,Gorkha,1577
2025-04-21,28.8314,80.3305,77,Kanchanpur,172
2025-04-21,27.2564,84.6357,91,Parsa,323
2025-04-21,28.9658,80.1475,79,Kanchanpur,181
2025-04-21,26.9178,86.7553,83,Udayapur,561
2025-04-21,28.0011,83.8766,89,Syangja,1575
2025-04-21,28.3898,81.5505,68,Bardiya,206
2025-04-22,28.0208,84.9916,71,Dhading,1604
2025-04-22,28.1186,83.7327,80,Syangja,694
2025-04-22,27.9274,82.6628,99,Dang,874
2025-04-22,28.082,83.7997,65,Syangja,1035
2025-04-22,26.9016,85.2738,65,Bara,192
2025-04-22,27.5477,85.1588,71,Makwanpur,793
2025-04-23,27.244,85.11,78,Bara,216
2025-04-23,27.6057,84.3828,58,Nawalpur,274
2025-04-23,28.8549,80.259,70,Kanchanpur,199
2025-04-23,28.0523,83.7552,68,Syangja,1042
2025-04-24,27.0306,86.4124,90,Udayapur,646
2025-04-24,28.4098,81.2284,81,Bardiya,137
2025-04-25,28.2722,84.0247,75,Kaski,1413
2025-04-25,28.8602,80.5511,76,Kailali,344
2025-04-25,27.545,84.3709,69,Chitwan,214
2025-04-25,27.5596,84.2817,56,Chitwan,224
2025-04-25,27.385,86.2772,75,Sindhuli,565
2025-04-25,28.7917,81.1646,81,Kailali,302
2025-04-25,26.9308,85.5924,87,Sarlahi,193
2025-04-26,28.0938,82.5392,62,Dang,892
2025-04-26,28.8877,80.3171,77,Kanchanpur,228
2025-04-26,28.8961,81.1627,83,Kailali,318
2025-04-26,27.9474,83.6877,88,Syangja,1185
2025-04-26,28.5562,81.5159,58,Surkhet,655
2025-04-27,27.196,85.9785,63,Sindhuli,1549
2025-04-27,28.9521,80.831,56,Kailali,293
2025-04-27,27.0187,85.0649,68,Bara,188
2025-04-27,28.4194,81.4314,58,Surkhet,806
2025-04-28,27.7871,84.2342,86,Nawalpur,193
2025-04-28,28.2994,84.613,82,Gorkha,2081
2025-04-28,28.0436,83.6396,95,Syangja,987
2025-04-29,28.1986,84.1896,88,Kaski,1735
2025-04-29,26.9769,84.9744,80,Bara,168
2025-04-29,27.0646,86.596,95,Udayapur,656
2025-04-29,27.5017,84.5449,60,Chitwan,163
2025-04-29,27.454,85.391,56,Makwanpur,1385
2025-04-29,27.36,85.1851,99,Makwanpur,1196
2025-04-29,28.1027,83.7631,60,Syangja,1561
2025-04-29,27.2921,86.0268,67,Sindhuli,1401
2025-04-29,27.6215,84.0244,69,Nawalpur,280
2025-04-30,28.4146,81.212,80,Bardiya,154
2025-04-30,28.1812,83.8579,94,Syangja,882
2025-04-30,27.3049,86.1063,95,Sindhuli,814
2025-04-30,27.8737,84.3954,86,Tanahu,986
2025-04-30,27.5609,83.9753,59,Nawalpur,245
2025-04-30,27.8071,82.422,75,Dang,673
2025-04-30,29.0095,80.3607,95,Kanchanpur,246
2025-05-01,28.0558,84.8606,94,Dhading,881
2025-05-01,28.1688,84.0805,79,Kaski,1710
2025-05-01,27.3746,85.2008,66,Makwanpur,1210
2025-05-01,26.9219,86.8267,75,Udayapur,234
2025-05-02,26.9866,86.3199,56,Udayapur,220
2025-05-02,27.9236,84.9812,100,Dhading,1529
2025-05-02,27.7265,84.7339,64,Dhading,1659
2025-05-03,26.967,86.8721,63,Udayapur,751
2025-05-03,27.0122,85.6884,61,Sarlahi,84
2025-05-04,27.693,84.2505,84,Chitwan,206
2025-05-04,27.6909,84.2365,72,Chitwan,335
2025-05-05,28.7598,80.5098,97,Kailali,387
2025-05-05,27.1781,85.2694,97,Bara,182
2025-05-05,27.0415,85.7255,77,Sarlahi,191
2025-05-06,28.7331,80.7511,89,Kailali,289
2025-05-06,27.4808,84.9385,72,Makwanpur,1227
2025-05-07,27.7469,83.5652,90,Rupandehi,242
2025-05-07,26.865,86.3167,66,Udayapur,209
2025-05-08,27.8742,82.631,82,Dang,627
2025-05-08,28.0441,83.8387,97,Syangja,1395
2025-05-08,27.5015,85.3654,93,Makwanpur,768
2025-05-11,27.726,83.5343,86,Rupandehi,125
2025-05-12,27.1651,85.8955,97,Sindhuli,633
2025-05-13,28.6553,81.6868,68,Surkhet,1186
2025-05-14,27.8601,85.043,74,Dhading,961
2025-05-14,27.5599,85.2305,81,Makwanpur,746
2025-05-14,28.3672,81.337,59,Bardiya,192
2025-05-14,26.8147,86.9784,79,Udayapur,520
2025-05-15,28.9012,80.357,86,Kanchanpur,175
2025-05-17,27.0783,86.6183,92,Udayapur,992
2025-05-19,27.9298,82.6651,64,Dang,724
2025-05-19,27.0258,84.9027,100,Bara,183
2025-05-19,27.9524,83.645,84,Syangja,1324
2025-05-21,27.3914,84.9461,72,Parsa,170
2025-05-21,28.9454,80.1257,67,Kanchanpur,238
2025-05-22,28.0682,83.935,88,Syangja,975
2025-05-24,28.1068,82.4586,83,Dang,683
2025-05-24,28.285,84.5818,79,Gorkha,725
2025-05-25,28.8399,80.9018,100,Kailali,417
2025-05-25,28.3737,81.2024,58,Bardiya,130
2025-05-25,27.4446,85.0245,96,Makwanpur,764
2025-05-27,27.5281,84.4569,86,Chitwan,256
2025-05-28,28.0261,84.9873,96,Dhading,551
2025-05-29,27.5606,83.5568,76,Rupandehi,172
2025-05-29,28.0756,84.1339,75,Tanahu,899
2025-05-30,26.9993,85.6606,61,Sarlahi,197
2025-05-30,27.9565,83.7617,85,Syangja,958
2025-05-30,27.3361,85.2184,56,Makwanpur,1442
2025-05-31,27.3809,85.9086,63,Sindhuli,826
2025-05-31,28.3165,81.444,76,Bardiya,148
2025-05-31,29.0813,80.3714,79,Kanchanpur,204
2025-05-31,27.5654,84.5299,64,Chitwan,270
2025-06-01,27.509,84.3526,62,Chitwan,375
2025-06-05,26.8421,86.581,92,Udayapur,780
2025-06-08,28.1708,82.2839,65,Dang,630
2025-06-08,28.3,84.6981,99,Gorkha,2331
2025-06-09,27.7358,84.802,78,Dhading,797
2025-06-11,27.5306,85.2625,55,Makwanpur,352
2025-06-19,26.9395,85.1079,75,Bara,192
2025-06-25,28.0215,84.2768,97,Tanahu,992
2025-06-28,27.4073,84.7639,75,Parsa,319
2025-06-29,28.9597,80.2614,91,Kanchanpur,170
2025-07-11,27.1778,85.5118,77,Sarlahi,95
2025-07-19,27.5126,83.3323,96,Rupandehi,225
2025-07-23,27.92,83.8148,71,Syangja,767
2025-08-02,27.0672,85.2626,93,Rautahat,168
2025-08-07,27.66,84.4272,59,Chitwan,243
2025-08-28,28.1275,83.6899,93,Syangja,703
2025-09-04,27.079,86.5124,91,Udayapur,505
2025-09-14,27.5724,84.325,99,Nawalpur,372
2025-09-15,29.061,80.247,95,Kanchanpur,165
2025-10-03,27.2871,84.7326,64,Parsa,127
2025-10-31,27.7793,84.1924,56,Nawalpur,231
2025-11-01,27.4244,84.9199,67,Parsa,257
2025-11-20,27.0682,85.0063,95,Bara,246
2025-11-22,27.6388,84.3544,72,Chitwan,316
2025-11-22,27.732,85.0058,55,Dhading,1430
2025-11-23,26.9639,85.6685,99,Sarlahi,155
2025-12-04,28.43,81.5743,81,Surkhet,733
2025-12-05,28.617,80.7873,69,Kailali,413
2025-12-11,28.4156,81.5194,83,Surkhet,783
2025-12-21,28.0799,85.0493,79,Dhading,1524
2025-12-26,26.9434,85.7986,68,Sarlahi,129
2025-12-27,27.2979,86.2576,66,Sindhuli,796
2025-12-30,27.9837,84.5399,64,Gorkha,886
